"",Aruba,ABW-00 (Aruba aggregation)
AF.BG,Afghanistan,Badghis
AF.HR,Afghanistan,Hirat
AF.BM,Afghanistan,Bamyan
AF.BK,Afghanistan,Balkh
AF.FB,Afghanistan,Faryab
AF.JW,Afghanistan,Jawzjan
AF.GR,Afghanistan,Ghor
AF.SP,Afghanistan,Sari Pul
AF.FH,Afghanistan,Farah
AF.HM,Afghanistan,Hilmand
AF.NM,Afghanistan,Nimroz
AF.OZ,Afghanistan,Uruzgan
AF.OZ,Afghanistan,Uruzgan
AF.KD,Afghanistan,Kandahar
AF.ZB,Afghanistan,Zabul
AF.GZ,Afghanistan,Ghazni
AF.KT,Afghanistan,Khost
AF.PK,Afghanistan,Paktika
AF.BD,Afghanistan,Badakhshan
AF.NR,Afghanistan,Nuristan
AF.KR,Afghanistan,Kunar
AF.KZ,Afghanistan,Kunduz
AF.NG,Afghanistan,Nangarhar
AF.TK,Afghanistan,Takhar
AF.BL,Afghanistan,Baghlan
AF.KB,Afghanistan,Kabul
AF.KP,Afghanistan,Kapisa
AF.PV,Afghanistan,Parwan
AF.LA,Afghanistan,Laghman
AF.LW,Afghanistan,Logar
AF.PV,Afghanistan,Parwan
AF.SM,Afghanistan,Samangan
AF.VR,Afghanistan,Wardak
AF.PT,Afghanistan,Paktya
AO.LN,Angola,Lunda Norte
AO.LS,Angola,Lunda Sul
AO.ML,Angola,Malanje
AO.BO,Angola,Bengo
AO.CN,Angola,Cuanza Norte
AO.CS,Angola,Cuanza Sul
AO.LU,Angola,Luanda
AO.UI,Angola,Uíge
AO.ZA,Angola,Zaire
AO.CB,Angola,Cabinda
AO.BI,Angola,Bié
AO.BG,Angola,Benguela
AO.CC,Angola,Cuando Cubango
AO.CU,Angola,Cunene
AO.HM,Angola,Huambo
AO.HL,Angola,Huíla
AO.MX,Angola,Moxico
AO.NA,Angola,Namibe
"",Anguilla,AIA-00 (Anguilla aggregation)
"",Anguilla,AIA-99 (Anguilla minor island)
AL.DU,Albania,Durrës
AL.FI,Albania,Fier
AL.SD,Albania,Shkodër
AL.KK,Albania,Kukës
AL.VR,Albania,Vlorë
AL.KE,Albania,Korçë
AL.BE,Albania,Berat
AL.EB,Albania,Elbasan
AL.GK,Albania,Gjirokastër
AL.DB,Albania,Dibër
AL.LZ,Albania,Lezhë
AL.DU,Albania,Durrës
AX.EC,Aland,Finström
"",Andorra,AND-00 (Andorra aggregation)
IR.HG,United Arab Emirates,Hormozgan
AE.RK,United Arab Emirates,Ras Al Khaymah
AE.UQ,United Arab Emirates,Umm Al Qaywayn
"",United Arab Emirates,Neutral Zone
AE.FU,United Arab Emirates,Fujayrah
AE.FU,United Arab Emirates,Fujayrah
"",United Arab Emirates,Neutral Zone
AE.FU,United Arab Emirates,Neutral Zone
AE.AJ,United Arab Emirates,Ajman
"",United Arab Emirates,Neutral Zone
AE.SH,United Arab Emirates,Sharjah
AE.AZ,United Arab Emirates,Abu Dhabi
AE.DU,United Arab Emirates,Dubay
AR.SC,Argentina,Santa Cruz
AR.TF,Argentina,Tierra del Fuego
AR.SJ,Argentina,San Juan
AR.CH,Argentina,Chubut
AR.MZ,Argentina,Mendoza
AR.NQ,Argentina,Neuquén
AR.DF,Argentina,Ciudad de Buenos Aires
AR.LP,Argentina,La Pampa
AR.RN,Argentina,Río Negro
AR.SL,Argentina,San Luis
AR.CB,Argentina,Córdoba
AR.CT,Argentina,Catamarca
AR.JY,Argentina,Jujuy
AR.LR,Argentina,La Rioja
AR.SA,Argentina,Salta
AR.SE,Argentina,Santiago del Estero
AR.TM,Argentina,Tucumán
AR.CC,Argentina,Chaco
AR.FM,Argentina,Formosa
AR.CN,Argentina,Corrientes
AR.ER,Argentina,Entre Ríos
AR.SF,Argentina,Santa Fe
AR.MN,Argentina,Misiones
AM.AG,Armenia,Aragatsotn
AM.AV,Armenia,Armavir
AM.SH,Armenia,Shirak
AM.TV,Armenia,Tavush
AM.AR,Armenia,Ararat
AM.GR,Armenia,Gegharkunik
AM.KT,Armenia,Kotayk
AM.LO,Armenia,Lori
AM.ER,Armenia,Erevan
AM.SU,Armenia,Syunik
AM.VD,Armenia,Vayots Dzor
"",American Samoa,ASM-00 (American Samoa aggregation)
"",Antarctica,ATA-00 (Antarctica aggregation)
"",Antarctica,ATA-99 (Antarctica minor island)
"",Ashmore and Cartier Islands,ATC-00 (Ashmore and Cartier Is. aggregation)
"",French Southern and Antarctic Lands,ATF-00 (Fr. S. Antarctic Lands aggregation)
"",Antigua and Barbuda,ATG-00 (Antigua aggregation)
"",Australia,AUS-00 (Macquarie I. aggregation)
PG.WE,Australia,Western
AU.JB,Australia,Jervis Bay Territory
AU.NT,Australia,Northern Territory
AU.WA,Australia,Western Australia
AU.CT,Australia,Australian Capital Territory
AU.NS,Australia,New South Wales
AU.SA,Australia,South Australia
AU.VI,Australia,Victoria
AU.QL,Australia,Queensland
AU.CT,Australia,Norfolk Island
AU.TS,Australia,Tasmania
AT.VO,Austria,Vorarlberg
AT.BU,Austria,Burgenland
AT.ST,Austria,Steiermark
AT.KA,Austria,Kärnten
AT.OO,Austria,Oberösterreich
AT.SZ,Austria,Salzburg
"",Austria,Osttirol
AT.TR,Austria,Tirol
AT.NO,Austria,Niederösterreich
AT.WI,Austria,Wien
AZ.QZ,Azerbaijan,Qazax
AZ.QZ,Azerbaijan,Qazax
AZ.AF,Azerbaijan,Agstafa
AZ.DS,Azerbaijan,Dask?s?n
AZ.GD,Azerbaijan,G?d?b?y
AZ.GA,Azerbaijan,G?nc?
AZ.XR,Azerbaijan,Xanlar
AZ.GR,Azerbaijan,Goranboy
AZ.KA,Azerbaijan,K?lb?c?r
AZ.MI,Azerbaijan,Ming?çevir
AZ.QZ,Azerbaijan,Qazax
AZ.SM,Azerbaijan,S?mkir
AZ.SX,Azerbaijan,Samux
AZ.TO,Azerbaijan,Tovuz
AZ.YV,Azerbaijan,Yevlax
AZ.BA,Azerbaijan,Baki
AZ.AR,Azerbaijan,Abseron
AZ.AM,Azerbaijan,Agdam
AZ.AS,Azerbaijan,Agdas
AZ.AU,Azerbaijan,Agsu
AZ.AB,Azerbaijan,?li Bayramli
AZ.AA,Azerbaijan,Astara
AZ.BR,Azerbaijan,B?rd?
AZ.BQ,Azerbaijan,Beyl?qan
AZ.BS,Azerbaijan,Bil?suvar
AZ.CB,Azerbaijan,C?brayil
AZ.CL,Azerbaijan,C?lilabad
AZ.DV,Azerbaijan,D?v?çi
AZ.FU,Azerbaijan,Füzuli
AZ.GY,Azerbaijan,Göyçay
AZ.IM,Azerbaijan,Imisli
AZ.IS,Azerbaijan,Ismayilli
AZ.KU,Azerbaijan,Kürd?mir
AZ.NE,Azerbaijan,Astara
AZ.MA,Azerbaijan,Masalli
AZ.LE,Azerbaijan,Lerik
AZ.NE,Azerbaijan,Neftçala
AZ.QO,Azerbaijan,Qobustan
AZ.SY,Azerbaijan,Siy?z?n
AZ.ST,Azerbaijan,Saatli
AZ.SB,Azerbaijan,Sabirabad
AZ.SL,Azerbaijan,Salyan
AZ.SI,Azerbaijan,Samaxi
AZ.SQ,Azerbaijan,Sumqayit
AZ.UC,Azerbaijan,Ucar
AZ.XI,Azerbaijan,Xizi
AZ.YR,Azerbaijan,Yardimli
AZ.ZR,Azerbaijan,Z?rdab
AZ.AC,Azerbaijan,Agcab?di
AZ.BL,Azerbaijan,Balak?n
AZ.QA,Azerbaijan,Q?b?l?
AZ.OG,Azerbaijan,Oguz
AZ.QX,Azerbaijan,Qax
AZ.SK,Azerbaijan,S?ki
AZ.QB,Azerbaijan,Quba
AZ.QR,Azerbaijan,Qusar
AZ.XZ,Azerbaijan,Xaçmaz
AZ.ZQ,Azerbaijan,Zaqatala
AZ.XD,Azerbaijan,Xocav?nd
AZ.SU,Azerbaijan,L?nk?ran
AZ.QD,Azerbaijan,Qubadli
AZ.SU,Azerbaijan,Susa
AZ.TA,Azerbaijan,T?rt?r
AZ.XC,Azerbaijan,Xocali
AZ.ZG,Azerbaijan,Z?ngilan
AZ.SD,Azerbaijan,S?d?r?k
AZ.OR,Azerbaijan,Ordubad
AZ.SR,Azerbaijan,S?rur
AZ.BB,Azerbaijan,Bab?k
AZ.CF,Azerbaijan,Culfa
AZ.NX,Azerbaijan,Naxçivan
AZ.SH,Azerbaijan,Sahbuz
BI.CA,Burundi,Cankuzo
BI.KR,Burundi,Karuzi
BI.RT,Burundi,Rutana
BI.RY,Burundi,Ruyigi
BI.BB,Burundi,Bubanza
BI.BR,Burundi,Bururi
BI.CI,Burundi,Cibitoke
BI.GI,Burundi,Gitega
BI.KY,Burundi,Kayanza
BI.MA,Burundi,Makamba
BI.NG,Burundi,Ngozi
BI.KI,Burundi,Kirundo
BI.MY,Burundi,Muyinga
BI.BM,Burundi,Bujumbura Mairie
BI.MV,Burundi,Muramvya
"",Belgium,Hainaut
"",Belgium,Limburg
BE.BU,Belgium,Brussels
BE.VB,Belgium,Flemish Brabant
"",Belgium,Namur
"",Belgium,Luxembourg
BE.OV,Belgium,East Flanders
"",Belgium,West Flanders
"",Belgium,Antwerp
"",Belgium,Liege
"",Belgium,Walloon Brabant
BJ.BO,Benin,Borgou
BJ.AL,Benin,Alibori
BJ.CL,Benin,Collines
BJ.AQ,Benin,Atlantique
BJ.LI,Benin,Littoral
BJ.CF,Benin,Kouffo
BJ.OU,Benin,Ouémé
BJ.ZO,Benin,Zou
BJ.PL,Benin,Plateau
BJ.CF,Benin,Mono
BJ.AK,Benin,Atakora
BJ.DO,Benin,Donga
BF.KP,Burkina Faso,Kompienga
BF.GM,Burkina Faso,Gourma
BF.HO,Burkina Faso,Houet
BF.KN,Burkina Faso,Kénédougou
BF.BW,Burkina Faso,Banwa
BF.KS,Burkina Faso,Kossi
BF.BA,Burkina Faso,Balé
BF.MO,Burkina Faso,Mou Houn
BF.OD,Burkina Faso,Oudalan
BF.SM,Burkina Faso,Soum
BF.NY,Burkina Faso,Nayala
BF.SR,Burkina Faso,Sourou
BF.BM,Burkina Faso,Bam
BF.BK,Burkina Faso,Boulkiemdé
BF.KW,Burkina Faso,Kourwéogo
BF.BZ,Burkina Faso,Bazéga
BF.KA,Burkina Faso,Kadiogo
BF.OB,Burkina Faso,Oubritenga
BF.PA,Burkina Faso,Passoré
BF.ZM,Burkina Faso,Zondoma
BF.SG,Burkina Faso,Sanguié
BF.SS,Burkina Faso,Sissili
BF.ZR,Burkina Faso,Ziro
BF.LO,Burkina Faso,Loroum
BF.YT,Burkina Faso,Yatenga
BF.NM,Burkina Faso,Namentenga
BF.ST,Burkina Faso,Sanmatenga
BF.BL,Burkina Faso,Boulgou
BF.KL,Burkina Faso,Koulpélogo
BF.GZ,Burkina Faso,Ganzourgou
BF.KR,Burkina Faso,Kouritenga
BF.NR,Burkina Faso,Nahouri
BF.ZW,Burkina Faso,Zoundwéogo
BF.BB,Burkina Faso,Bougouriba
BF.IO,Burkina Faso,Ioba
BF.TU,Burkina Faso,Tuy
BF.LE,Burkina Faso,Léraba
BF.KM,Burkina Faso,Komoé
BF.PO,Burkina Faso,Poni
BF.GG,Burkina Faso,Gnagna
BF.KJ,Burkina Faso,Komondjari
BF.SE,Burkina Faso,Séno
BF.YG,Burkina Faso,Yagha
BF.TA,Burkina Faso,Tapoa
BD.DA,Bangladesh,Dhaka
BD.KH,Bangladesh,Khulna
BD.BA,Bangladesh,Barisal
BD.CG,Bangladesh,Chittagong
BD.SY,Bangladesh,Sylhet
BD.RJ,Bangladesh,Rajshahi
BG.SL,Bulgaria,Sliven
BG.KK,Bulgaria,Haskovo
BG.SZ,Bulgaria,Stara Zagora
BG.PZ,Bulgaria,Pazardzhik
BG.PD,Bulgaria,Plovdiv
BG.SM,Bulgaria,Smolyan
BG.KZ,Bulgaria,Kardzhali
BG.SG,Bulgaria,Grad Sofiya
BG.SF,Bulgaria,Sofia
BG.PN,Bulgaria,Pernik
BG.GB,Bulgaria,Gabrovo
BG.LV,Bulgaria,Lovech
BG.PV,Bulgaria,Pleven
BG.VT,Bulgaria,Veliko Tarnovo
BG.MT,Bulgaria,Montana
BG.VR,Bulgaria,Vratsa
BG.KY,Bulgaria,Kyustendil
BG.VD,Bulgaria,Vidin
BG.BR,Bulgaria,Burgas
BG.YA,Bulgaria,Yambol
BG.RG,Bulgaria,Razgrad
BG.TU,Bulgaria,Targovishte
BG.SH,Bulgaria,Shumen
BG.DO,Bulgaria,Dobrich
BG.VN,Bulgaria,Varna
BG.SI,Bulgaria,Silistra
BG.RS,Bulgaria,Ruse
BG.BL,Bulgaria,Blagoevgrad
"",Bahrain,BHR-00 (Bahrain aggregation)
"",The Bahamas,BHS-00 (Bahamas aggregation)
BA.BF,Bosnia and Herzegovina,West Bosnia
BA.BF,Bosnia and Herzegovina,Una-Sana
BA.BF,Bosnia and Herzegovina,Central Bosnia
BA.BF,Bosnia and Herzegovina,West Herzegovina
BA.BF,Bosnia and Herzegovina,Herzegovina-Neretva
BA.BF,Bosnia and Herzegovina,Tuzla
BA.SR,Bosnia and Herzegovina,Serbian Republic
BA.BF,Bosnia and Herzegovina,Zenica-Doboj
BA.BF,Bosnia and Herzegovina,Sarajevo
BA.BF,Bosnia and Herzegovina,Bosnian Podrinje
BA.SR,Bosnia and Herzegovina,Posavina
BA.SR,Bosnia and Herzegovina,Posavina
"",Saint Barthelemy,BLM-00 (St. Barthelemy aggregation)
BY.BR,Belarus,Brest
BY.HO,Belarus,Homyel'
BY.MA,Belarus,Mahilyow
BY.VI,Belarus,Vitsyebsk
BY.HR,Belarus,Hrodna
BY.MI,Belarus,Minsk
BZ.BZ,Belize,Belize
BZ.CY,Belize,Cayo
BZ.CZ,Belize,Corozal
BZ.OW,Belize,Orange Walk
BZ.SC,Belize,Stann Creek
BZ.TO,Belize,Toledo
"",Bermuda,BMU-00 (Bermuda aggregation)
BO.CB,Bolivia,Cochabamba
BO.CQ,Bolivia,Chuquisaca
BO.EB,Bolivia,El Beni
BO.LP,Bolivia,La Paz
BO.OR,Bolivia,Oruro
BO.PA,Bolivia,Pando
BO.PO,Bolivia,Potosí
BO.SC,Bolivia,Santa Cruz
BO.TR,Bolivia,Tarija
BR.GO,Brazil,Goiás
BR.SP,Brazil,São Paulo
BR.PE,Brazil,Pernambuco
BR.,Brazil,Acre
BR.AM,Brazil,Amazonas
BR.MA,Brazil,Maranhão
BR.PA,Brazil,Pará
BR.,Brazil,Rondônia
BR.TO,Brazil,Tocantins
BR.DF,Brazil,Distrito Federal
BR.MS,Brazil,Mato Grosso do Sul
BR.MG,Brazil,Minas Gerais
BR.MT,Brazil,Mato Grosso
BR.RS,Brazil,Rio Grande do Sul
BR.PR,Brazil,Paraná
BR.SC,Brazil,Santa Catarina
BR.CE,Brazil,Ceará
BR.PI,Brazil,Piauí
BR.AL,Brazil,Alagoas
BR.BA,Brazil,Bahia
BR.ES,Brazil,Espírito Santo
BR.PB,Brazil,Paraíba
BR.RJ,Brazil,Rio de Janeiro
BR.RN,Brazil,Rio Grande do Norte
BR.SE,Brazil,Sergipe
BR.RR,Brazil,Roraima
BR.AP,Brazil,Amapá
BB.CC,Barbados,Christ Church
BB.AN,Barbados,Saint Andrew
BB.GE,Barbados,Saint George
BB.JM,Barbados,Saint James
BB.JN,Barbados,Saint John
BB.JS,Barbados,Saint Joseph
BB.LU,Barbados,Saint Lucy
BB.MI,Barbados,Saint Michael
BB.PE,Barbados,Saint Peter
BB.PH,Barbados,Saint Philip
BB.TH,Barbados,Saint Thomas
BN.BE,Brunei,Belait
BN.BM,Brunei,Brunei and Muara
BN.TE,Brunei,Temburong
BN.TU,Brunei,Tutong
BT.CK,Bhutan,Chhukha
BT.DA,Bhutan,Daga
BT.HA,Bhutan,Ha
BT.PR,Bhutan,Paro
BT.GA,Bhutan,Gasa
BT.SM,Bhutan,Samchi
BT.TM,Bhutan,Thimphu
BT.PN,Bhutan,Punakha
BT.BU,Bhutan,Bumthang
BT.CR,Bhutan,Chirang
BT.GE,Bhutan,Geylegphug
BT.LH,Bhutan,Lhuntshi
BT.TY,Bhutan,Tashi Yangtse
BT.SG,Bhutan,Shemgang
BT.TO,Bhutan,Tongsa
BT.WP,Bhutan,Wangdi Phodrang
BT.MO,Bhutan,Mongar
BT.PM,Bhutan,Pemagatsel
BT.SJ,Bhutan,Samdrup Jongkhar
BT.TA,Bhutan,Tashigang
"",Norway,BVT-00 (Bouvet I. remainder)
BW.GH,Botswana,Ghanzi
BW.KG,Botswana,Kgalagadi
BW.NW,Botswana,North-West
BW.CE,Botswana,Central
BW.KL,Botswana,Kgatleng
BW.KW,Botswana,Kweneng
BW.SE,Botswana,South-East
BW.SO,Botswana,Southern
CF.BG,Central African Republic,Bangui
CF.BK,Central African Republic,Basse-Kotto
CF.LB,Central African Republic,Lobaye
CF.HS,Central African Republic,Mambéré-Kadéï
CF.SE,Central African Republic,Sangha-Mbaéré
CF.NM,Central African Republic,Nana-Mambéré
CF.OP,Central African Republic,Ouham-Pendé
CF.BB,Central African Republic,Bamingui-Bangoran
CF.KB,Central African Republic,Nana-Grébizi
CF.KG,Central African Republic,Kémo
CF.UK,Central African Republic,Ouaka
CF.AC,Central African Republic,Ouham
CF.VK,Central African Republic,Vakaga
CF.HK,Central African Republic,Haute-Kotto
CF.HM,Central African Republic,Haut-Mbomou
CF.MB,Central African Republic,Mbomou
CA.MB,Canada,Manitoba
CA.SK,Canada,Saskatchewan
CA.AB,Canada,Alberta
CA.BC,Canada,British Columbia
CA.NU,Canada,Nunavut
CA.NT,Canada,Northwest Territories
CA.YT,Canada,Yukon
CA.ON,Canada,Ontario
CA.QC,Canada,Québec
CA.NB,Canada,New Brunswick
CA.NS,Canada,Nova Scotia
CA.NF,Canada,Newfoundland and Labrador
CA.PE,Canada,Prince Edward Island
CH.GE,Switzerland,Genève
CH.JU,Switzerland,Jura
CH.NE,Switzerland,Neuchâtel
CH.AG,Switzerland,Aargau
CH.LU,Switzerland,Lucerne
CH.NW,Switzerland,Nidwalden
CH.VS,Switzerland,Valais
CH.AR,Switzerland,Appenzell Ausserrhoden
CH.SG,Switzerland,Sankt Gallen
CH.TI,Switzerland,Ticino
CH.GL,Switzerland,Glarus
CH.GR,Switzerland,Graubünden
CH.SH,Switzerland,Schaffhausen
CH.SH,Switzerland,Schaffhausen
CH.SZ,Switzerland,Schwyz
CH.TG,Switzerland,Thurgau
CH.UR,Switzerland,Uri
CH.ZH,Switzerland,Zürich
CH.ZG,Switzerland,Zug
CH.FR,Switzerland,Fribourg
CH.VD,Switzerland,Vaud
CH.BS,Switzerland,Basel-Landschaft
CH.BE,Switzerland,Bern
CH.BS,Switzerland,Basel-Stadt
"",Switzerland,Solothurn
CH.NW,Switzerland,Obwalden
CH.AI,Switzerland,Appenzell Innerrhoden
CL.AI,Chile,Aisén del General Carlos Ibáñez del Campo
CL.MA,Chile,Magallanes y Antártica Chilena
CL.TA,Chile,Tarapacá
"",Chile,Arica y Parinacota
CL.AN,Chile,Antofagasta
CL.AT,Chile,Atacama
CL.CO,Chile,Coquimbo
CL.RM,Chile,Región Metropolitana de Santiago
CL.VS,Chile,Valparaíso
CL.AR,Chile,La Araucanía
CL.AR,Chile,Los Ríos
CL.BI,Chile,Bío-Bío
CL.LI,Chile,Libertador General Bernardo O'Higgins
CL.LL,Chile,Los Lagos
CL.ML,Chile,Maule
CN.GS,China,Gansu
CN.QH,China,Qinghai
CN.GX,China,Guangxi
CN.GZ,China,Guizhou
CN.CQ,China,Chongqing
CN.BJ,China,Beijing
CN.FJ,China,Fujian
CN.AH,China,Anhui
CN.GD,China,Guangdong
CN.XZ,China,Xizang
CN.XJ,China,Xinjiang
CN.HA,China,Hainan
CN.NX,China,Ningxia
CN.SA,China,Shaanxi
CN.SX,China,Shanxi
CN.HU,China,Hubei
CN.HN,China,Hunan
CN.SC,China,Sichuan
CN.YN,China,Yunnan
CN.HB,China,Hebei
CN.HE,China,Henan
CN.LN,China,Liaoning
CN.SD,China,Shandong
CN.TJ,China,Tianjin
CN.JX,China,Jiangxi
CN.JS,China,Jiangsu
CN.SH,China,Shanghai
CN.ZJ,China,Zhejiang
CN.JL,China,Jilin
CN.NM,China,Inner Mongol
CN.HL,China,Heilongjiang
"",Ivory Coast,Savanes
CI.DE,Ivory Coast,Denguélé
CI.BF,Ivory Coast,Bafing
CI.DH.BA,Ivory Coast,Dix-Huit Montagnes
CI.WR,Ivory Coast,Worodougou
CI.MR.ZU,Ivory Coast,Marahoué
CI.FR,Ivory Coast,Fromager
"",Ivory Coast,Haut-Sassandra
CI.SB.LA,Ivory Coast,Sud-Bandama
CI.BS.SO,Ivory Coast,Bas-Sassandra
CI.ZA,Ivory Coast,Zanzan
CI.VB,Ivory Coast,Vallée du Bandama
CI.AG.AV,Ivory Coast,Agnéby
CI.NC.BG,Ivory Coast,N'zi-Comoé
CI.LG.AB,Ivory Coast,Lagunes
"",Ivory Coast,Moyen-Cavally
"",Ivory Coast,Moyen-Comoe
CI.LC.TM,Ivory Coast,Lacs
CI.SC,Ivory Coast,Sud-Comoé
"",Clipperton Island,CLP-00 (Clipperton I. aggregation)
CM.EN,Cameroon,Extrême-Nord
CM.LT,Cameroon,Littoral
CM.NW,Cameroon,Nord-Ouest
CM.CE,Cameroon,Centre
CM.ES,Cameroon,Est
CM.AD,Cameroon,Adamaoua
CM.NO,Cameroon,Nord
CM.OU,Cameroon,Ouest
CM.SW,Cameroon,Sud-Ouest
CM.SU,Cameroon,Sud
CY.NI,Cyprus No Mans Area,Nicosia
CY.FA,Cyprus No Mans Area,Famagusta
CD.EQ,Democratic Republic of the Congo,Équateur
CD.HC,Democratic Republic of the Congo,Orientale
CD.BN,Democratic Republic of the Congo,Bandundu
CD.KC,Democratic Republic of the Congo,Kasaï-Occidental
CD.BC,Democratic Republic of the Congo,Bas-Congo
CD.KN,Democratic Republic of the Congo,Kinshasa City
CD.KV,Democratic Republic of the Congo,Sud-Kivu
"",Democratic Republic of the Congo,Maniema
CD.KR,Democratic Republic of the Congo,Kasaï-Oriental
CD.KT,Democratic Republic of the Congo,Katanga
"",Democratic Republic of the Congo,Nord-Kivu
CG.CO,Republic of the Congo,Cuvette-Ouest
CG.BO,Republic of the Congo,Bouenza
CG.LI,Republic of the Congo,Likouala
CG.SA,Republic of the Congo,Sangha
CG.PO,Republic of the Congo,Pool
CG.CU,Republic of the Congo,Cuvette
CG.KO,Republic of the Congo,Kouilou
CG.LE,Republic of the Congo,Lékoumou
CG.NI,Republic of the Congo,Niari
CG.PL,Republic of the Congo,Plateaux
"",Cook Islands,COK-00 (Cook Is. aggregation)
"",Colombia,COL-99 (Colombia minor island)
CO.AM,Colombia,Amazonas
CO.AN,Colombia,Antioquia
CO.BY,Colombia,Boyacá
CO.CO,Colombia,Córdoba
CO.ST,Colombia,Santander
CO.LG,Colombia,La Guajira
CO.SA,Colombia,San Andrés y Providencia
CO.CL,Colombia,Caldas
CO.CU,Colombia,Cundinamarca
CO.CU,Colombia,Bogota
CO.QD,Colombia,Quindío
CO.RI,Colombia,Risaralda
CO.TO,Colombia,Tolima
CO.CQ,Colombia,Caquetá
CO.CA,Colombia,Cauca
CO.HU,Colombia,Huila
CO.NA,Colombia,Nariño
CO.PU,Colombia,Putumayo
CO.VC,Colombia,Valle del Cauca
CO.AT,Colombia,Atlántico
CO.BL,Colombia,Bolívar
CO.CE,Colombia,Cesar
CO.CH,Colombia,Chocó
CO.MA,Colombia,Magdalena
CO.SU,Colombia,Sucre
CO.AR,Colombia,Arauca
CO.NS,Colombia,Norte de Santander
CO.CS,Colombia,Casanare
CO.GV,Colombia,Guaviare
CO.GN,Colombia,Guainía
CO.ME,Colombia,Meta
CO.VP,Colombia,Vaupés
CO.VD,Colombia,Vichada
"",Comoros,COM-00 (Comoros aggregation)
"",Cape Verde,CPV-00 (Cape Verde aggregation)
"",Costa Rica,CRI-11 (Costa Rica remainder)
CR.CA,Costa Rica,Cartago
CR.HE,Costa Rica,Heredia
CR.LI,Costa Rica,Limón
CR.PU,Costa Rica,Puntarenas
CR.SJ,Costa Rica,San José
CR.AL,Costa Rica,Alajuela
CR.GU,Costa Rica,Guanacaste
"",Coral Sea Islands,CSI-00 (Coral Sea Is. aggregation)
CU.CF,Cuba,Cienfuegos
CU.IJ,Cuba,Isla de la Juventud
CU.PR,Cuba,Pinar del Río
CU.SS,Cuba,Sancti Spíritus
CU.CA,Cuba,Ciego de Ávila
CU.CM,Cuba,Camagüey
CU.GU,Cuba,Guantánamo
CU.GR,Cuba,Granma
CU.HO,Cuba,Holguín
CU.LT,Cuba,Las Tunas
CU.SC,Cuba,Santiago de Cuba
CU.CH,Cuba,Ciudad de la Habana
CU.LH,Cuba,La Habana
CU.MA,Cuba,Matanzas
CU.VC,Cuba,Villa Clara
"",Curaçao,CUW-00 (Curaçao aggregation)
"",Cayman Islands,CYM-00 (Cayman Is. aggregation)
"",Northern Cyprus,CYN-00 (N. Cyprus aggregation)
CY.LA,Cyprus,Larnaca
CY.NI,Cyprus,Nicosia
CY.PA,Cyprus,Paphos
CY.FA,Cyprus,Famagusta
CY.LI,Cyprus,Limassol
"",Czech Republic,Ústecký
"",Czech Republic,Plzenský
"",Czech Republic,Jihomoravský
"",Czech Republic,Zlínský
"",Czech Republic,Olomoucký
"",Czech Republic,Pardubický
CZ.KK,Czech Republic,Karlovarský
CZ.CK,Czech Republic,Jihoceský
CZ.JK,Czech Republic,Vysocina
CZ.SK,Czech Republic,Prague
CZ.SK,Czech Republic,Stredoceský
CZ.LK,Czech Republic,Liberecký
CZ.HK,Czech Republic,Královéhradecký
CZ.VK,Czech Republic,Moravskoslezský
DE.NW,Germany,Nordrhein-Westfalen
DE.BW,Germany,Baden-Württemberg
DE.HE,Germany,Hessen
DE.HB,Germany,Bremen
DE.NI,Germany,Niedersachsen
DE.TH,Germany,Thüringen
DE.HH,Germany,Hamburg
DE.SH,Germany,Schleswig-Holstein
DE.RP,Germany,Rheinland-Pfalz
DE.SL,Germany,Saarland
DE.BY,Germany,Bayern
DE.BE,Germany,Berlin
DE.ST,Germany,Sachsen-Anhalt
DE.SN,Germany,Sachsen
"",Germany,Brandenburg
DE.MV,Germany,Mecklenburg-Vorpommern
DJ.AS,Djibouti,Ali Sabieh
DJ.DB,Djibouti,Djibouti
"",Djibouti,Arta
DJ.DK,Djibouti,Dikhil
DJ.OB,Djibouti,Obock
DJ.TA,Djibouti,Tadjourah
DM.AN,Dominica,Saint Andrew
DM.DA,Dominica,Saint David
DM.GO,Dominica,Saint George
DM.JN,Dominica,Saint John
DM.JH,Dominica,Saint Joseph
DM.LU,Dominica,Saint Luke
DM.MA,Dominica,Saint Mark
DM.PK,Dominica,Saint Patrick
DM.PL,Dominica,Saint Paul
DM.PR,Dominica,Saint Peter
"",Denmark,Midtjylland
"",Denmark,Syddanmark
"",Denmark,Nordjylland
"",Denmark,Hovedstaden
"",Denmark,Sjaælland
DO.ST,Dominican Republic,Santiago
DO.SR,Dominican Republic,Santiago Rodríguez
DO.VA,Dominican Republic,Valverde
DO.JU,Dominican Republic,San Juan
DO.SD,Dominican Republic,Santo Domingo
DO.SZ,Dominican Republic,Sánchez Ramírez
DO.PM,Dominican Republic,San Pedro de Macorís
DO.MC,Dominican Republic,Monte Cristi
DO.PP,Dominican Republic,Puerto Plata
DO.DA,Dominican Republic,Dajabón
DO.ES,Dominican Republic,Espaillat
"",Dominican Republic,Hermanas
DO.BR,Dominican Republic,Bahoruco
DO.BH,Dominican Republic,Barahona
DO.IN,Dominican Republic,Independencia
DO.EP,Dominican Republic,La Estrelleta
DO.PN,Dominican Republic,Pedernales
DO.AZ,Dominican Republic,Azua
DO.VE,Dominican Republic,La Vega
DO.MN,Dominican Republic,Monseñor Nouel
DO.PV,Dominican Republic,Peravia
DO.JO,Dominican Republic,San José de Ocoa
DO.DU,Dominican Republic,Duarte
DO.HM,Dominican Republic,Hato Mayor
DO.MP,Dominican Republic,Monte Plata
DO.MT,Dominican Republic,María Trinidad Sánchez
DO.SM,Dominican Republic,Samaná
DO.CR,Dominican Republic,San Cristóbal
DO.NC,Dominican Republic,Distrito Nacional
DO.SE,Dominican Republic,El Seybo
DO.AL,Dominican Republic,La Altagracia
DO.RO,Dominican Republic,La Romana
DZ.AR,Algeria,Adrar
DZ.AT,Algeria,Aïn Témouchent
DZ.OR,Algeria,Oran
DZ.SB,Algeria,Sidi Bel Abbès
DZ.TL,Algeria,Tlemcen
DZ.BC,Algeria,Béchar
DZ.NA,Algeria,Naâma
DZ.TN,Algeria,Tindouf
DZ.AN,Algeria,Annaba
DZ.ET,Algeria,El Tarf
DZ.JJ,Algeria,Jijel
DZ.SK,Algeria,Skikda
DZ.IL,Algeria,Illizi
DZ.TM,Algeria,Tamanghasset
DZ.EB,Algeria,El Bayadh
"",Algeria,El Oued
DZ.GR,Algeria,Ghardaïa
DZ.LG,Algeria,Laghouat
DZ.OG,Algeria,Ouargla
DZ.AL,Algeria,Alger
DZ.BM,Algeria,Boumerdès
DZ.TO,Algeria,Tizi Ouzou
DZ.TP,Algeria,Tipaza
DZ.AD,Algeria,Aïn Defla
DZ.CH,Algeria,Chlef
DZ.MC,Algeria,Mascara
DZ.MG,Algeria,Mostaganem
DZ.RE,Algeria,Relizane
DZ.SD,Algeria,Saïda
DZ.TR,Algeria,Tiaret
DZ.TS,Algeria,Tissemsilt
DZ.BB,Algeria,Bordj Bou Arréridj
DZ.BJ,Algeria,Béjaïa
DZ.BL,Algeria,Blida
DZ.BU,Algeria,Bouira
DZ.BS,Algeria,Biskra
DZ.DJ,Algeria,Djelfa
DZ.MD,Algeria,Médéa
DZ.MS,Algeria,M'Sila
DZ.SF,Algeria,Sétif
DZ.BT,Algeria,Batna
DZ.CO,Algeria,Constantine
DZ.GL,Algeria,Guelma
DZ.KH,Algeria,Khenchela
DZ.ML,Algeria,Mila
DZ.OB,Algeria,Oum el Bouaghi
DZ.SA,Algeria,Souk Ahras
DZ.TB,Algeria,Tébessa
EC.AZ,Ecuador,Azuay
EC.EO,Ecuador,El Oro
EC.LJ,Ecuador,Loja
EC.ZC,Ecuador,Zamora Chinchipe
EC.GA,Ecuador,Galápagos
EC.BO,Ecuador,Bolivar
EC.CN,Ecuador,Cañar
EC.CT,Ecuador,Cotopaxi
EC.GU,Ecuador,Guayas
EC.LR,Ecuador,Los Rios
EC.MN,Ecuador,Manabi
EC.CB,Ecuador,Chimborazo
EC.MS,Ecuador,Morona Santiago
EC.NA,Ecuador,Orellana
EC.PI,Ecuador,Pichincha
EC.PA,Ecuador,Pastaza
"",Ecuador,Napo
EC.TU,Ecuador,Tungurahua
EC.ES,Ecuador,Esmeraldas
EC.CR,Ecuador,Carchi
EC.IM,Ecuador,Imbabura
EC.SU,Ecuador,Sucumbios
EG.GH,Egypt,Al Gharbiyah
EG.IS,Egypt,Al Isma`iliyah
EG.MF,Egypt,Al Minufiyah
EG.QH,Egypt,Al Qahirah
EG.QL,Egypt,Al Qalyubiyah
EG.SQ,Egypt,Ash Sharqiyah
EG.SW,Egypt,As Suways
EG.DQ,Egypt,Ad Daqahliyah
EG.BS,Egypt,Bur Sa`id
EG.DT,Egypt,Dumyat
EG.MT,Egypt,Matruh
EG.BH,Egypt,Al Buhayrah
EG.FY,Egypt,Al Fayyum
EG.IK,Egypt,Al Iskandariyah
EG.JZ,Egypt,Al Jizah
EG.MN,Egypt,Al Minya
EG.BN,Egypt,Bani Suwayf
EG.KS,Egypt,Kafr ash Shaykh
EG.AN,Egypt,Aswan
EG.AT,Egypt,Asyut
"",Egypt,Al Wadi at Jadid
EG.QN,Egypt,Qina
EG.SJ,Egypt,Suhaj
EG.BA,Egypt,Al Bahr al Ahmar
EG.JS,Egypt,Janub Sina'
EG.SS,Egypt,Shamal Sina'
SA.TB,Egypt,Tabuk
ER.GB,Eritrea,Gash Barka
ER.AN,Eritrea,Anseba
ER.DU,Eritrea,Debub
ER.SK,Eritrea,Semenawi Keyih Bahri
ER.MA,Eritrea,Maekel
ER.DK,Eritrea,Debubawi Keyih Bahri
"",Dhekelia Soverign Base Area,ESB-00 (Dhekelia aggregation)
"",Spain,ESP-00 (Canary Is. aggregation)
ES.CT,Spain,Cataluña
ES.AR,Spain,Aragón
ES.NA,Spain,Comunidad Foral de Navarra
ES.VC,Spain,Comunidad Valenciana
ES.MU,Spain,Región de Murcia
ES.CE,Spain,Ceuta
ES.CE,Spain,Melilla
ES.AS,Spain,Principado de Asturias
ES.GA,Spain,Galicia
ES.EX,Spain,Extremadura
ES.LO,Spain,La Rioja
ES.PV,Spain,País Vasco
ES.AN,Spain,Andalucía
ES.PM,Spain,Islas Baleares
ES.CM,Spain,Castilla-La Mancha
ES.CB,Spain,Cantabria
ES.CL,Spain,Castilla y León
ES.MD,Spain,Comunidad de Madrid
"",Spain,Canillo
EE.HA,Estonia,Harju
EE.IV,Estonia,Ida-Viru
EE.JR,Estonia,Järva
EE.JN,Estonia,Jõgeva
EE.LV,Estonia,Lääne-Viru
EE.TA,Estonia,Tartu
EE.HI,Estonia,Hiiu
EE.LN,Estonia,Lääne
EE.PR,Estonia,Pärnu
EE.PL,Estonia,Põlva
EE.RA,Estonia,Rapla
EE.VG,Estonia,Valga
EE.VD,Estonia,Viljandi
EE.VR,Estonia,Võru
EE.SA,Estonia,Saare
ET.AM,Ethiopia,Amhara
ET.TI,Ethiopia,Tigray
ET.AF,Ethiopia,Afar
ET.SN,Ethiopia,"Southern Nations, Nationalities and Peoples"
ET.GA,Ethiopia,Gambela Peoples
ET.AA,Ethiopia,Addis Ababa
ET.BE,Ethiopia,Benshangul-Gumaz
ET.AA,Ethiopia,Addis Ababa
ET.SO,Ethiopia,Somali
ET.DD,Ethiopia,Dire Dawa
ET.HA,Ethiopia,Harari People
"",Finland,Lapland
"",Finland,Central Finland
"",Finland,Eastern Finland
"",Finland,Oulu
"",Finland,Northern Ostrobothnia
"",Finland,Central Ostrobothnia
"",Finland,Ostrobothnia
"",Finland,Southern Ostrobothnia
"",Finland,Päijänne Tavastia
"",Finland,Tavastia Proper
"",Finland,Pirkanmaa
"",Finland,Southern Finland
"",Finland,South Karelia
"",Finland,Southern Savonia
"",Finland,North Karelia
"",Finland,Finland Proper
"",Finland,Satakunta
"",Finland,Eastern Uusimaa
"",Finland,Southern Finland
FJ.CE,Fiji,Central
FJ.CE,Fiji,Eastern
FJ.W,Fiji,Northern
FJ.W,Fiji,Western
FJ.RO,Fiji,Rotuma
"",Falkland Islands,FLK-00 (Falkland Is. aggregation)
"",France,Rhône-Alpes
"",France,Martinique
GF.CY,France,French Guiana
"",France,Basse-Normandie
"",France,Bretagne
"",France,Poitou-Charentes
"",France,Pays de la Loire
"",France,Aquitaine
"",France,Corse
"",France,Provence-Alpes-Côte-d'Azur
"",France,Languedoc-Roussillon
"",France,Midi-Pyrénées
"",France,Auvergne
"",France,Bourgogne
"",France,Centre
"",France,Haute-Normandie
"",France,Île-de-France
"",France,Limousin
"",France,Champagne-Ardenne
"",France,Nord-Pas-de-Calais
"",France,Picardie
"",France,Franche-Comté
"",France,Alsace
"",France,Lorraine
FO.OS,Faroe Islands,Eysturoyar
"",Federated States of Micronesia,FSM-00 (Micronesia aggregation)
"",Federated States of Micronesia,FSM-99 (Micronesia minor island)
GA.ES,Gabon,Estuaire
GA.OI,Gabon,Ogooué-Ivindo
GA.WN,Gabon,Wouleu-Ntem
GA.MO,Gabon,Moyen-Ogooué
GA.NG,Gabon,Ngounié
GA.NY,Gabon,Nyanga
GA.OM,Gabon,Ogooué-Maritime
GA.HO,Gabon,Haut-Ogooué
GA.OL,Gabon,Ogooué-Lolo
"",Gaza Strip,GAZ-00 (Gaza Strip aggregation)
GB.EA,United Kingdom,East Ayrshire
GB.ED,United Kingdom,East Dunbartonshire
GB.ER,United Kingdom,East Renfrewshire
GB.GG,United Kingdom,Glasgow
GB.IC,United Kingdom,Inverclyde
GB.ED,United Kingdom,North Ayshire
GB.NN,United Kingdom,North Lanarkshire
GB.RF,United Kingdom,Renfrewshire
GB.SA,United Kingdom,South Ayrshire
GB.SL,United Kingdom,South Lanarkshire
GB.WD,United Kingdom,West Dunbartonshire
GB.AR,United Kingdom,Aberdeen
GB.AS,United Kingdom,Aberdeenshire
GB.MO,United Kingdom,Moray
GB.FK,United Kingdom,Falkirk
GB.ZG,United Kingdom,Stirling
GB.CC,United Kingdom,Clackmannanshire
"",United Kingdom,Perthshire and Kinross
GB.AG,United Kingdom,Angus
GB.DU,United Kingdom,Dundee
GB.FI,United Kingdom,Fife
GB.EL,United Kingdom,East Lothian
GB.EB,United Kingdom,Edinburgh
GB.ML,United Kingdom,Midlothian
GB.WH,United Kingdom,West Lothian
GB.BO,United Kingdom,Scottish Borders
GB.TW,United Kingdom,Tyne and Wear
GB.DA,United Kingdom,Darlington
GB.DH,United Kingdom,Durham
GB.HP,United Kingdom,Hartlepool
GB.MB,United Kingdom,Middlesbrough
GB.RC,United Kingdom,Redcar and Cleveland
GB.ZT,United Kingdom,Stockton-on-Tees
GB.NB,United Kingdom,Northumberland
GB.HA,United Kingdom,Hampshire
GB.ZH,United Kingdom,Southampton
GB.WM,United Kingdom,West Midlands
GB.MK,United Kingdom,Milton Keynes
GB.GC,United Kingdom,Gloucestershire
GB.BU,United Kingdom,Buckinghamshire
GB.BD,United Kingdom,Bedfordshire
GB.HT,United Kingdom,Hertfordshire
GB.BN,United Kingdom,Bath and North East Somerset
GB.BS,United Kingdom,Bristol
GB.NS,United Kingdom,North Somerset
GB.SJ,United Kingdom,South Gloucestershire
GB.SM,United Kingdom,Somerset
GB.DO,United Kingdom,Devon
GB.BK,United Kingdom,Berkshire
GB.BM,United Kingdom,Bournemouth
GB.DS,United Kingdom,Dorset
GB.BM,United Kingdom,Poole
GB.CM,United Kingdom,Cambridgeshire
"",United Kingdom,England
GB.KH,United Kingdom,Kingston upon Hull
GB.NE,United Kingdom,North East Lincolnshire
GB.NL,United Kingdom,North Lincolnshire
GB.DE,United Kingdom,Derby
GB.DB,United Kingdom,Derbyshire
GB.BA,United Kingdom,Barking and Dagenham
GB.XB,United Kingdom,Bexley
GB.BE,United Kingdom,Brent
GB.BZ,United Kingdom,Bromley
GB.CN,United Kingdom,Camden
GB.CY,United Kingdom,Croydon
GB.EG,United Kingdom,Ealing
GB.EF,United Kingdom,Enfield
GB.GR,United Kingdom,Greenwich
GB.HF,United Kingdom,Hammersmith and Fulham
GB.HU,United Kingdom,Hounslow
GB.IT,United Kingdom,Islington
GB.KC,United Kingdom,Kensington and Chelsea
GB.ME,United Kingdom,Merton
GB.RB,United Kingdom,Redbridge
GB.RU,United Kingdom,Richmond upon Thames
GB.SU,United Kingdom,Sutton
GB.TH,United Kingdom,Tower Hamlets
GB.WF,United Kingdom,Waltham Forest
GB.WW,United Kingdom,Wandsworth
GB.WE,United Kingdom,Westminster
GB.LI,United Kingdom,Lincolnshire
GB.BF,United Kingdom,Belfast
GB.LD,United Kingdom,Derry
GB.OM,United Kingdom,Omagh
GB.AM,United Kingdom,Armagh
GB.NM,United Kingdom,Newry and Mourne
GB.BB,United Kingdom,Banbridge
GB.CR,United Kingdom,Craigavon
GB.DN,United Kingdom,Dungannon
GB.LB,United Kingdom,Lisburn
"",United Kingdom,Ulster
GB.AN,United Kingdom,Antrim
GB.MF,United Kingdom,Magherafelt
GB.BL,United Kingdom,Ballymena
GB.LR,United Kingdom,Larne
GB.CF,United Kingdom,Carrickfergus
GB.NW,United Kingdom,Newtownabbey
GB.ND,United Kingdom,North Down
GB.DW,United Kingdom,Down
GB.CL,United Kingdom,Coleraine
GB.BY,United Kingdom,Ballymoney
GB.LM,United Kingdom,Limavady
GB.CS,United Kingdom,Castlereagh
GB.CI,United Kingdom,Carmarthenshire
"",United Kingdom,Ceredigion
GB.PE,United Kingdom,Pembrokeshire
GB.MS,United Kingdom,Merseyside
GB.HL,United Kingdom,Halton
GB.CH,United Kingdom,Cheshire
GB.CO,United Kingdom,Cornwall
GB.PO,United Kingdom,Powys
GB.BJ,United Kingdom,Bridgend
GB.CP,United Kingdom,Caerphilly
GB.MT,United Kingdom,Merthyr Tydfil
GB.RT,United Kingdom,"Rhondda, Cynon, Taff"
GB.CA,United Kingdom,Cardiff
GB.VG,United Kingdom,Vale of Glamorgan
GB.NP,United Kingdom,Neath Port Talbot
GB.SW,United Kingdom,Swansea
GB.YK,United Kingdom,York
GB.TK,United Kingdom,Telford and Wrekin
GB.BW,United Kingdom,Blackburn with Darwen
GB.LA,United Kingdom,Lancashire
GB.EY,United Kingdom,East Riding of Yorkshire
GB.DI,United Kingdom,Denbighshire
GB.FL,United Kingdom,Flintshire
GB.WX,United Kingdom,Wrexham
GB.AY,United Kingdom,Anglesey
GB.CW,United Kingdom,Conwy
GB.GD,United Kingdom,Gwynedd
GB.BG,United Kingdom,Blaenau Gwent
GB.MM,United Kingdom,Monmouthshire
GB.NO,United Kingdom,Newport
GB.TF,United Kingdom,Torfaen
GB.SB,United Kingdom,Strabane
GB.FE,United Kingdom,Fermanagh
GB.ND,United Kingdom,Ards
GB.DG,United Kingdom,Dumfries and Galloway
GB.CU,United Kingdom,Cumbria
GB.NY,United Kingdom,North Yorkshire
GB.DO,United Kingdom,Plymouth
GB.TB,United Kingdom,Torbay
GB.EX,United Kingdom,Essex
GB.SF,United Kingdom,Suffolk
GB.NF,United Kingdom,Norfolk
GB.BH,United Kingdom,Brighton and Hove
GB.HV,United Kingdom,Havering
GB.TR,United Kingdom,Thurrock
GB.ES,United Kingdom,East Sussex
GB.MW,United Kingdom,Medway
GB.SS,United Kingdom,Southend-on-Sea
GB.MO,United Kingdom,Moray
GB.HI,United Kingdom,Highland
GB.AB,United Kingdom,Argyll and Bute
GB.AR,United Kingdom,Shetland Islands
GB.WS,United Kingdom,West Sussex
GB.NA,United Kingdom,Northamptonshire
GB.WR,United Kingdom,Warwickshire
GB.OX,United Kingdom,Oxfordshire
GB.LU,United Kingdom,Luton
GB.HD,United Kingdom,Hillingdon
GB.KT,United Kingdom,Kingston upon Thames
GB.SR,United Kingdom,Surrey
GB.SN,United Kingdom,Swindon
GB.WL,United Kingdom,Wiltshire
GB.IW,United Kingdom,Isle of Wight
GB.PS,United Kingdom,Portsmouth
GB.PB,United Kingdom,Peterborough
GB.LC,United Kingdom,Leicester
GB.RL,United Kingdom,Rutland
GB.NG,United Kingdom,Nottingham
GB.NT,United Kingdom,Nottinghamshire
GB.HK,United Kingdom,Hackney
GB.HY,United Kingdom,Haringey
GB.HR,United Kingdom,Harrow
GB.LT,United Kingdom,Lambeth
GB.LW,United Kingdom,Lewisham
GB.NH,United Kingdom,Newham
GB.SQ,United Kingdom,Southwark
GB.WI,United Kingdom,Eilean Siar
GB.MY,United Kingdom,Moyle
GB.WT,United Kingdom,Warrington
GB.HE,United Kingdom,Herefordshire
GB.WC,United Kingdom,Worcestershire
GB.ST,United Kingdom,Staffordshire
GB.SO,United Kingdom,Stoke-on-Trent
GB.SP,United Kingdom,Shropshire
GB.WY,United Kingdom,West Yorkshire
GB.MN,United Kingdom,Manchester
GB.SY,United Kingdom,South Yorkshire
GB.KE,United Kingdom,Kent
GE.AB,Georgia,Abkhazia
GE.AJ,Georgia,Ajaria
GE.GU,Georgia,Guria
GE.SZ,Georgia,Samegrelo-Zemo Svaneti
GE.IM,Georgia,Imereti
GE.KA,Georgia,Kakheti
GE.MM,Georgia,Mtskheta-Mtianeti
GE.RK,Georgia,Racha-Lechkhumi-Kvemo Svaneti
GE.TB,Georgia,Tbilisi
GE.KK,Georgia,Kvemo Kartli
GE.SJ,Georgia,Samtskhe-Javakheti
GE.SD,Georgia,Shida Kartli
"",Guernsey,GGY-00 (Sark aggregation)
GH.NP,Ghana,Northern
GH.UE,Ghana,Upper East
GH.UW,Ghana,Upper West
GH.AH,Ghana,Ashanti
GH.BA,Ghana,Brong Ahafo
GH.CP,Ghana,Central
GH.EP,Ghana,Eastern
GH.WP,Ghana,Western
GH.AA,Ghana,Greater Accra
GH.TV,Ghana,Volta
"",Gibraltar,GIB-00 (Gibraltar aggregation)
"",Guinea,Labe
"",Guinea,Kankan
"",Guinea,Mamou
"",Guinea,Boke
"",Guinea,Kindia
"",Guinea,Nzerekore
"",Guinea,Faranah
"",Guinea,Conakry
"",France,GLP-00 (Guadeloupe aggregation)
GM.MC,Gambia,Maccarthy Island
GM.UR,Gambia,Upper River
GM.BJ,Gambia,Banjul
GM.LR,Gambia,Lower River
GW.BS,Guinea Bissau,Bissau
GW.BL,Guinea Bissau,Bolama
GW.CA,Guinea Bissau,Cacheu
GW.OI,Guinea Bissau,Oio
GW.QU,Guinea Bissau,Quinara
GW.BA,Guinea Bissau,Bafatá
GW.GA,Guinea Bissau,Gabú
GW.TO,Guinea Bissau,Tombali
GQ.AN,Equatorial Guinea,Annobón
GQ.CS,Equatorial Guinea,Centro Sur
GQ.KN,Equatorial Guinea,Kié-Ntem
GQ.LI,Equatorial Guinea,Litoral
GQ.WN,Equatorial Guinea,Wele-Nzás
GQ.BN,Equatorial Guinea,Bioko Norte
GQ.BS,Equatorial Guinea,Bioko Sur
GR.II,Greece,Ionioi Nisoi
GR.AT,Greece,Attiki
GR.PP,Greece,Peloponnisos
GR.GW,Greece,Dytiki Ellada
GR.MW,Greece,Dytiki Makedonia
GR.TS,Greece,Thessalia
GR.EP,Greece,Ipeiros
GR.AN,Greece,Voreio Aigaio
GR.GC,Greece,Stereá Elláda
GR.CR,Greece,Kriti
GR.MC,Greece,Kentriki Makedonia
GR.MA,Greece,Ayion Oros
GR.MT,Greece,Anatoliki Makedonia kai Thraki
GR.AS,Greece,Notio Aigaio
"",Grenada,GRD-00 (Grenada aggregation)
GL.VG,Greenland,Pituffik
GL.VG,Greenland,Kommuneqarfik Sermersooq
GL.VG,Greenland,Kommune Kujalleq
GL.VG,Greenland,Qeqqata Kommunia
GL.NG,Greenland,Nationalparken
GL.NG,Greenland,Qaasuitsup Kommunia
GT.BV,Guatemala,Baja Verapaz
GT.HU,Guatemala,Huehuetenango
GT.PE,Guatemala,Petén
GT.QZ,Guatemala,Quezaltenango
GT.RE,Guatemala,Retalhuleu
GT.SM,Guatemala,San Marcos
GT.AV,Guatemala,Alta Verapaz
GT.CM,Guatemala,Chimaltenango
GT.ES,Guatemala,Escuintla
GT.GU,Guatemala,Guatemala
GT.SU,Guatemala,Suchitepéquez
GT.SA,Guatemala,Sacatepéquez
GT.SO,Guatemala,Sololá
GT.TO,Guatemala,Totonicapán
GT.PR,Guatemala,El Progreso
GT.SR,Guatemala,Santa Rosa
GT.IZ,Guatemala,Izabal
GT.CQ,Guatemala,Chiquimula
GT.JA,Guatemala,Jalapa
GT.JU,Guatemala,Jutiapa
GT.ZA,Guatemala,Zacapa
GT.QC,Guatemala,Quiché
"",Guam,GUM-00 (Guam aggregation)
GY.MA,Guyana,Mahaica-Berbice
GY.PT,Guyana,Potaro-Siparuni
GY.UT,Guyana,Upper Takutu-Upper Essequibo
GY.UD,Guyana,Upper Demerara-Berbice
GY.BA,Guyana,Barima-Waini
GY.PM,Guyana,Pomeroon-Supenaam
GY.EB,Guyana,East Berbice-Corentyne
GY.DE,Guyana,Demerara-Mahaica
GY.ES,Guyana,Essequibo Islands-West Demerara
GY.CU,Guyana,Cuyuni-Mazaruni
"",Hong Kong S.A.R.,HKG-00 (Hong Kong aggregation)
"",Heard Island and McDonald Islands,HMD-00 (Heard I. and McDonald Is. aggregation)
"",Honduras,HND-00 (Honduras aggregation)
SV.UN,Honduras,La Unión
HN.AT,Honduras,Atlántida
HN.CL,Honduras,Colón
HN.FM,Honduras,Francisco Morazán
HN.GD,Honduras,Gracias a Dios
HN.IB,Honduras,Islas de la Bahía
HN.OL,Honduras,Olancho
HN.YO,Honduras,Yoro
HN.VA,Honduras,Valle
HN.CM,Honduras,Comayagua
HN.CR,Honduras,Cortés
HN.IN,Honduras,Intibucá
HN.LP,Honduras,La Paz
HN.SB,Honduras,Santa Bárbara
HN.CP,Honduras,Copán
HN.LE,Honduras,Lempira
HN.OC,Honduras,Ocotepeque
HN.CH,Honduras,Choluteca
HN.EP,Honduras,El Paraíso
HR.DN,Croatia,Dubrovacko-Neretvanska
HR.SB,Croatia,Šibensko-Kninska
HR.SD,Croatia,Splitsko-Dalmatinska
HR.ZD,Croatia,Zadarska
HR.KZ,Croatia,Krapinsko-Zagorska
HR.KA,Croatia,Karlovacka
HR.LS,Croatia,Licko-Senjska
HR.PG,Croatia,Primorsko-Goranska
HR.SM,Croatia,Sisacko-Moslavacka
HR.ZG,Croatia,Zagrebacka
HR.GZ,Croatia,Grad Zagreb
HR.IS,Croatia,Istarska
HR.SP,Croatia,Brodsko-Posavska
HR.OB,Croatia,Osjecko-Baranjska
HR.SP,Croatia,Brodsko-Posavska
HR.VS,Croatia,Vukovarsko-Srijemska
HR.VP,Croatia,Viroviticko-Podravska
HR.BB,Croatia,Bjelovarska-Bilogorska
HR.KK,Croatia,Koprivnicko-Križevacka
HR.ME,Croatia,Medimurska
HR.VA,Croatia,Varaždinska
HR.GZ,Croatia,Grad Zagreb
HT.GR,Haiti,Grand'Anse
HT.NI,Haiti,Nippes
HT.NO,Haiti,Nord-Ouest
HT.SD,Haiti,Sud
HT.AR,Haiti,L'Artibonite
HT.CE,Haiti,Centre
HT.NE,Haiti,Nord-Est
HT.ND,Haiti,Nord
HT.OU,Haiti,Ouest
HT.SE,Haiti,Sud-Est
HU.VA,Hungary,Vas
HU.BA,Hungary,Baranya
HU.GS,Hungary,Gyor-Moson-Sopron
HU.SO,Hungary,Somogy
HU.VE,Hungary,Veszprém
HU.ZA,Hungary,Zala
HU.BU,Hungary,Budapest
HU.BK,Hungary,Bács-Kiskun
HU.FE,Hungary,Fejér
HU.KE,Hungary,Komárom-Esztergom
HU.PE,Hungary,Pest
HU.TO,Hungary,Tolna
HU.NO,Hungary,Nógrád
HU.BZ,Hungary,Borsod-Abaúj-Zemplén
HU.SZ,Hungary,Szabolcs-Szatmár-Bereg
HU.BE,Hungary,Békés
HU.CS,Hungary,Csongrád
HU.HB,Hungary,Hajdú-Bihar
HU.HE,Hungary,Heves
HU.JN,Hungary,Jász-Nagykun-Szolnok
ID.AC,Indonesia,Aceh
ID.KI,Indonesia,Kalimantan Timur
ID.JR,Indonesia,Jawa Barat
ID.JT,Indonesia,Jawa Tengah
ID.BE,Indonesia,Bengkulu
ID.BT,Indonesia,Banten
ID.JK,Indonesia,Jakarta Raya
ID.KB,Indonesia,Kalimantan Barat
ID.LA,Indonesia,Lampung
ID.SL,Indonesia,Sumatera Selatan
ID.BB,Indonesia,Bangka-Belitung
ID.BA,Indonesia,Bali
ID.JI,Indonesia,Jawa Timur
ID.KS,Indonesia,Kalimantan Selatan
ID.NT,Indonesia,Nusa Tenggara Timur
ID.SE,Indonesia,Sulawesi Selatan
ID.SR,Indonesia,Sulawesi Barat
ID.KR,Indonesia,Kepulauan Riau
ID.GO,Indonesia,Gorontalo
ID.JA,Indonesia,Jambi
ID.KT,Indonesia,Kalimantan Tengah
ID.IB,Indonesia,Irian Jaya Barat
ID.SU,Indonesia,Sumatera Utara
ID.RI,Indonesia,Riau
ID.SW,Indonesia,Sulawesi Utara
ID.LA,Indonesia,Maluku Utara
ID.SB,Indonesia,Sumatera Barat
ID.YO,Indonesia,Yogyakarta
ID.MA,Indonesia,Maluku
ID.NB,Indonesia,Nusa Tenggara Barat
ID.SG,Indonesia,Sulawesi Tenggara
ID.ST,Indonesia,Sulawesi Tengah
ID.PA,Indonesia,Papua
"",Isle of Man,IMN-00 (Isle of Man aggregation)
IN.CH,India,Chandigarh
IN.DL,India,Delhi
IN.HP,India,Himachal Pradesh
IN.HR,India,Haryana
IN.JK,India,Jammu and Kashmir
IN.AP,India,Andhra Pradesh
IN.KL,India,Kerala
IN.LD,India,Lakshadweep
IN.OR,India,Orissa
IN.DN,India,Dadra and Nagar Haveli
IN.KA,India,Karnataka
IN.MH,India,Maharashtra
IN.AN,India,Andaman and Nicobar
IN.AS,India,Assam
IN.MN,India,Manipur
IN.NL,India,Nagaland
IN.ML,India,Meghalaya
IN.PB,India,Punjab
IN.RJ,India,Rajasthan
IN.UP,India,Uttar Pradesh
IN.UT,India,Uttaranchal
IN.JH,India,Jharkhand
IN.WB,India,West Bengal
IN.BR,India,Bihar
IN.SK,India,Sikkim
IN.CT,India,Chhattisgarh
IN.MP,India,Madhya Pradesh
IN.PY,India,Puducherry
"",India,Tamil Nadu
"",India,Gujarat
IN.GA,India,Goa
IN.AR,India,Arunachal Pradesh
IN.MZ,India,Mizoram
IN.TR,India,Tripura
"",India,Daman and Diu
"",Indian Ocean Territories,Cocos (Keeling) Islands
"",Indian Ocean Territories,Cocos (Keeling) Islands
"",Indian Ocean Territories,Christmas Island
"",British Indian Ocean Territory,IOT-00 (Br. Indian Ocean Ter. aggregation)
IE.WD,Ireland,Waterford
"",Ireland,Monaghan
IE.LH,Ireland,Louth
IE.GY,Ireland,Galway
IE.MO,Ireland,Mayo
IE.MH,Ireland,Meath
IE.OY,Ireland,Offaly
IE.WH,Ireland,Westmeath
IE.WX,Ireland,Wexford
IE.WW,Ireland,Wicklow
IE.DN,Ireland,Dublin
IE.KE,Ireland,Kildare
IE.KK,Ireland,Kilkenny
IE.LS,Ireland,Laoighis
IE.TY,Ireland,Tipperary
IE.KY,Ireland,Kerry
IE.LK,Ireland,Limerick
IE.RN,Ireland,Roscommon
IE.SO,Ireland,Sligo
IE.DL,Ireland,Donegal
IE.LM,Ireland,Leitrim
IE.LD,Ireland,Longford
IE.CE,Ireland,Clare
IE.CW,Ireland,Carlow
IE.CK,Ireland,Cork
IE.CN,Ireland,Cavan
IR.KB,Iran,Kohgiluyeh and Buyer Ahmad
IR.BS,Iran,Bushehr
IR.ES,Iran,Esfahan
IR.FA,Iran,Fars
IR.GO,Iran,Golestan
IR.MN,Iran,Mazandaran
IR.SM,Iran,Semnan
IR.TH,Iran,Tehran
IR.YA,Iran,Yazd
IR.CM,Iran,Chahar Mahall and Bakhtiari
IR.KZ,Iran,Khuzestan
IR.LO,Iran,Lorestan
IR.IL,Iran,Ilam
IR.HG,Iran,Hormozgan
IR.AR,Iran,Ardebil
IR.MK,Iran,Markazi
IR.QM,Iran,Qom
IR.HD,Iran,Hamadan
IR.ZA,Iran,Zanjan
IR.QZ,Iran,Qazvin
IR.WA,Iran,West Azarbaijan
IR.EA,Iran,East Azarbaijan
IR.BK,Iran,Kermanshah
IR.GI,Iran,Gilan
IR.KD,Iran,Kordestan
IR.KJ,Iran,South Khorasan
IR.KV,Iran,Razavi Khorasan
IR.KS,Iran,North Khorasan
IR.SB,Iran,Sistan and Baluchestan
IR.KE,Iran,Kerman
IQ.DA,Iraq,Dihok
IQ.TS,Iraq,At-Ta'mim
IQ.AR,Iraq,Arbil
IQ.NI,Iraq,Ninawa
IQ.SD,Iraq,Sala ad-Din
IQ.NA,Iraq,An-Najaf
IQ.KA,Iraq,Karbala'
IQ.BG,Iraq,Baghdad
IQ.BA,Iraq,Al-Basrah
IQ.MU,Iraq,Al-Muthannia
IQ.QA,Iraq,Al-Qadisiyah
IQ.DQ,Iraq,Dhi-Qar
IQ.MA,Iraq,Maysan
IQ.WA,Iraq,Wasit
IQ.SU,Iraq,As-Sulaymaniyah
IQ.DI,Iraq,Diyala
IQ.AN,Iraq,Al-Anbar
IQ.BB,Iraq,Babil
IS.VF.AB,Iceland,Reykhólahreppur
IS.VF,Iceland,Vestfirðir
IS.VF.SD,Iceland,Árneshreppur
IS.VF.VB,Iceland,Vesturbyggð
IS.VF.IS,Iceland,Ísafjarðarbær
IS.AL.AS,Iceland,Sveitarfélagið Hornafjörður
IS.AL,Iceland,Austurland
IS.AL.SM,Iceland,Austur-Hérað
IS.NV,Iceland,Norðurland vestra
IS.NE.AY,Iceland,Akureyri
IS.NV.SG,Iceland,Akrahreppur
IS.NV.VH,Iceland,Húnaþing vestra
IS.NE.NT,Iceland,Kelduneshreppur
IS.NE,Iceland,Hálshreppur
IS.SL,Iceland,Biskupstungnahreppur
IS.SU,Iceland,Suðurnes
IS.SL,Iceland,Suðurland
IS.SL.VS,Iceland,Mýrdalshreppur
IS.VL.AK,Iceland,Akranes
IS.VF.SD,Iceland,Bæjarhreppur
IS.HO,Iceland,Höfuðborgarsvæði
IS.VL,Iceland,Vesturland
IS.VL.SH,Iceland,Eyja- og Miklaholtshreppur
IL.HD,Israel,HaDarom
IL.HA,Israel,Haifa
IL.HM,Israel,HaMerkaz
IL.HZ,Israel,HaZafon
IL.TA,Israel,Tel Aviv
IL.JM,Israel,Jerusalem
"",Israel,Golan
"",Italy,Friuli-Venezia Giulia
"",Italy,Trentino-Alto Adige
"",Italy,Veneto
"",Italy,Emilia-Romagna
"",Italy,Liguria
"",Italy,Sardegna
"",Italy,Toscana
"",Italy,Basilicata
"",Italy,Calabria
"",Italy,Campania
"",Italy,Molise
"",Italy,Apulia
"",Italy,Sicily
"",Italy,Abruzzo
"",Italy,Lazio
"",Italy,Marche
"",Italy,Umbria
"",Italy,Piemonte
"",Italy,Valle d'Aosta
"",Italy,Lombardia
JM.CL,Jamaica,Clarendon
JM.HA,Jamaica,Hanover
JM.MA,Jamaica,Manchester
JM.SE,Jamaica,Saint Elizabeth
JM.SJ,Jamaica,Saint James
JM.TR,Jamaica,Trelawny
JM.WE,Jamaica,Westmoreland
JM.KI,Jamaica,Kingston
JM.PO,Jamaica,Portland
JM.SN,Jamaica,Saint Ann
JM.SC,Jamaica,Saint Catherine
JM.SM,Jamaica,Saint Mary
JM.SD,Jamaica,Saint Andrew
JM.ST,Jamaica,Saint Thomas
"",Jersey,JEY-00 (Jersey aggregation)
JO.AQ,Jordan,Aqaba
JO.MA,Jordan,Mafraq
JO.AM,Jordan,Amman
JO.AT,Jordan,Tafilah
JO.MN,Jordan,Ma`an
JO.IR,Jordan,Irbid
JO.AJ,Jordan,Ajlun
JO.JA,Jordan,Jarash
JO.BA,Jordan,Balqa
JO.MD,Jordan,Madaba
JO.KA,Jordan,Karak
JO.AZ,Jordan,Zarqa
"",Japan,JPN-11 (  remainder)
"",Japan,JPN-99 (  minor island)
JP.HS,Japan,Hiroshima
JP.OY,Japan,Okayama
JP.SM,Japan,Shimane
JP.TT,Japan,Tottori
JP.YC,Japan,Yamaguchi
JP.SG,Japan,Saga
JP.FO,Japan,Fukuoka
JP.KM,Japan,Kumamoto
JP.MZ,Japan,Miyazaki
JP.EH,Japan,Ehime
JP.KG,Japan,Kagawa
JP.KC,Japan,Kochi
JP.OT,Japan,Oita
JP.TS,Japan,Tokushima
JP.AI,Japan,Aichi
JP.GF,Japan,Gifu
JP.IS,Japan,Ishikawa
JP.ME,Japan,Mie
JP.NN,Japan,Nagano
JP.SZ,Japan,Shizuoka
JP.TY,Japan,Toyama
JP.HK,Japan,Hokkaido
JP.FI,Japan,Fukui
JP.HG,Japan,Hyogo
JP.KY,Japan,Kyoto
JP.NR,Japan,Nara
JP.OS,Japan,Osaka
JP.SH,Japan,Shiga
JP.WK,Japan,Wakayama
JP.CH,Japan,Chiba
JP.IB,Japan,Ibaraki
JP.KN,Japan,Kanagawa
JP.ST,Japan,Saitama
JP.TC,Japan,Tochigi
JP.TK,Japan,Tokyo
JP.YN,Japan,Yamanashi
JP.AK,Japan,Akita
JP.AO,Japan,Aomori
JP.FS,Japan,Fukushima
JP.IW,Japan,Iwate
JP.MG,Japan,Miyagi
JP.NI,Japan,Niigata
JP.YT,Japan,Yamagata
JP.NS,Japan,Nagasaki
JP.KS,Japan,Kagoshima
JP.ON,Japan,Okinawa
JP.GM,Japan,Gunma
"",Baykonur Cosmodrome,Baykonur lease in Qyzylorda
"",Siachen Glacier,KAS-00 (  aggregation)
KZ.AT,Kazakhstan,Aqtöbe
KZ.QS,Kazakhstan,Qostanay
KZ.QO,Kazakhstan,Qyzylorda
KZ.AR,Kazakhstan,Atyrau
KZ.WK,Kazakhstan,West Kazakhstan
KZ.AM,Kazakhstan,Aqmola
KZ.QG,Kazakhstan,Qaraghandy
KZ.NK,Kazakhstan,North Kazakhstan
KZ.PA,Kazakhstan,Pavlodar
KZ.EK,Kazakhstan,East Kazakhstan
KZ.AA,Kazakhstan,Almaty
KZ.MG,Kazakhstan,Mangghystau
KZ.SK,Kazakhstan,South Kazakhstan
KZ.ZM,Kazakhstan,Zhambyl
KE.CO,Kenya,Coast
KE.CE,Kenya,Central
KE.NA,Kenya,Nairobi
KE.NY,Kenya,Nyanza
KE.NA,Kenya,Eastern
"",Kenya,Rift Valley
KE.WE,Kenya,Western
KE.NE,Kenya,North-Eastern
KG.GB,Kyrgyzstan,Bishkek
KG.GB,Kyrgyzstan,Chuy
KG.YK,Kyrgyzstan,Ysyk-Köl
KG.NA,Kyrgyzstan,Naryn
KG.BA,Kyrgyzstan,Batken
KG.DA,Kyrgyzstan,Jalal-Abad
KG.TL,Kyrgyzstan,Talas
KG.OS,Kyrgyzstan,Osh
KH.OM,Cambodia,Bântéay Méanchey
KH.BA,Cambodia,Batdâmbâng
KH.KK,Cambodia,Kaôh Kong
KH.PO,Cambodia,Pouthisat
KH.SI,Cambodia,Siemréab
KH.OC,Cambodia,Otdar Mean Chey
KH.PL,Cambodia,Krong Pailin
KH.KM,Cambodia,Kâmpóng Cham
KH.KG,Cambodia,Kâmpóng Chhnang
KH.KN,Cambodia,Kândal
KH.KS,Cambodia,Kâmpóng Spœ
KH.KT,Cambodia,Kâmpóng Thum
KH.PP,Cambodia,Phnom Penh
KH.PY,Cambodia,Prey Vêng
KH.PH,Cambodia,Preah Vihéar
KH.ST,Cambodia,Stœng Trêng
KH.KH,Cambodia,Krâchéh
KH.MK,Cambodia,Môndól Kiri
KH.RO,Cambodia,Rôtânôkiri
KH.KP,Cambodia,Kâmpôt
KH,Cambodia,Kep
KH.KA,Cambodia,Krong Preah Sihanouk
KH.SR,Cambodia,Svay Rieng
KH.TA,Cambodia,Takêv
"",Kiribati,KIR-00 (Kiribati aggregation)
"",Kiribati,KIR-99 (Kiribati minor island)
"",Saint Kitts and Nevis,KNA-00 (St. Kitts and Nevis aggregation)
KP.KW,Korea No Mans Area,Kangwon-do
KP.KS,Korea No Mans Area,Kaesong
KR.GB,South Korea,Chungcheongbuk-do
KR.IN,South Korea,Inch'on-gwangyoksi
KR.KW,South Korea,Gangwon-do
KR.SO,South Korea,Seoul
KR.KG,South Korea,Gyeonggi-do
KR.CB,South Korea,Jeollabuk-do
KR.KJ,South Korea,Gwangju
KR.KN,South Korea,Kyongsang-namdo
KR.GN,South Korea,Chungcheongnam-do
KR.TJ,South Korea,Daejeon
KR.TG,South Korea,Daegu
KR.KN,South Korea,Gyeongsangnam-do
KR.KJ,South Korea,Kwangju-gwangyoksi
KR.PU,South Korea,Busan
KR.UL,South Korea,Ulsan
KR.TG,South Korea,Taegu-gwangyoksi
KR.CJ,South Korea,Jeju
RS.KP,Kosovo,Gnjilane
RS.PZ,Kosovo,Prizren
RS.PE,Kosovo,Ðakovica
RS.KM,Kosovo,Kosovska Mitrovica
RS.KO,Kosovo,Pristina
KW.KU,Kuwait,Al Asimah
KW.FA,Kuwait,Al Farwaniyah
KW.AH,Kuwait,Al Ahmadi
"",Kuwait,Mubarak Al-Kabeer
KW.JA,Kuwait,Al Jahrah
KW.HW,Kuwait,Hawalli
LA.BK,Laos,Bokeo
LA.LM,Laos,Louang Namtha
LA.XA,Laos,Xaignabouri
LA.CH,Laos,Champasak
LA.SL,Laos,Saravan
LA.SV,Laos,Savannakhét
LA.VT,Laos,Vientiane [prefecture]
LA.VI,Laos,Vientiane
LA.XS,Laos,Xaisômboun
LA.XI,Laos,Xiangkhoang
LA.HO,Laos,Houaphan
LA.LP,Laos,Louangphrabang
LA.OU,Laos,Oudômxai
LA.PH,Laos,Phôngsali
LA.BL,Laos,Bolikhamxai
LA.KH,Laos,Khammouan
LA.AT,Laos,Attapu
LA.XE,Laos,Xékong
LB.BI,Lebanon,Beqaa
LB.AS,Lebanon,North Lebanon
LB.BA,Lebanon,Beirut
LB.JL,Lebanon,Mount Lebanon
LB.NA,Lebanon,An Nabatiyah
LB.JA,Lebanon,South Lebanon
LR.RG,Liberia,River Gee
LR.GP,Liberia,Gbapolu
LR.GK,Liberia,GrandKru
LR.MY,Liberia,Maryland
LR.SI,Liberia,Sinoe
LR.BM,Liberia,Bomi
LR.BG,Liberia,Bong
LR.MG,Liberia,Grand Bassa
LR.CM,Liberia,Grand Cape Mount
LR.LF,Liberia,Lofa
LR.MO,Liberia,Montserrado
LR.MG,Liberia,Margibi
LR.NI,Liberia,Nimba
LR.RI,Liberia,River Cess
LR.GD,Liberia,GrandGedeh
LY.GD,Libya,Ghadamis
LY.JU,Libya,Al Jufrah
LY.KF,Libya,Al Kufrah
LY.MB,Libya,Al Marqab
LY.SH,Libya,Ash Shati'
LY.GT,Libya,Ghat
LY.MQ,Libya,Murzuq
LY.MI,Libya,Misratah
LY.SB,Libya,Sabha
LY.MI,Libya,Zlitan
LY.JI,Libya,Al Jifarah
LY.NQ,Libya,An Nuqat al Khams
LY.ZA,Libya,Az Zawiyah
LY.MZ,Libya,Mizdah
LY.BW,Libya,Bani Walid
LY.TN,Libya,Tajura' wa an Nawahi al Arba
LY.MB,Libya,Tarhunah
LY.YJ,Libya,Yafran-Jadu
LY.HZ,Libya,Al Hizam Al Akhdar
LY.JA,Libya,Al Jabal al Akhdar
LY.AJ,Libya,Ajdabiya
LY.BA,Libya,Benghazi
LY.SR,Libya,Surt
LY.QB,Libya,Al Qubbah
LY.BU,Libya,Al Butnan
"",Saint Lucia,LCA-00 (Saint Lucia aggregation)
"",Liechtenstein,LIE-00 (Liechtenstein aggregation)
LK.KY,Sri Lanka,Kandy
LK.MT,Sri Lanka,Matale
LK.NW,Sri Lanka,Nuwara Eliya
LK.AP,Sri Lanka,Ampara
LK.BC,Sri Lanka,Batticaloa
LK.PR,Sri Lanka,Polonnaruwa
LK.TC,Sri Lanka,Trincomalee
LK.AD,Sri Lanka,Anuradhapura
LK.VA,Sri Lanka,Vavuniya
LK.MB,Sri Lanka,Mannar
LK.MP,Sri Lanka,Mullaitivu
LK.JA,Sri Lanka,Jaffna
LK.KL,Sri Lanka,Kilinochchi
LK.KG,Sri Lanka,Kurunegala
LK.PX,Sri Lanka,Puttalam
LK.RN,Sri Lanka,Ratnapura
LK.GL,Sri Lanka,Galle
LK.HB,Sri Lanka,Hambantota
LK.MH,Sri Lanka,Matara
LK.BD,Sri Lanka,Badulla
LK.MJ,Sri Lanka,Moneragala
LK.KE,Sri Lanka,Kegalle
LK.CO,Sri Lanka,Colombo
LK.GQ,Sri Lanka,Gampaha
LK.KT,Sri Lanka,Kalutara
LS.BE,Lesotho,Berea
LS.MS,Lesotho,Maseru
LS.MH,Lesotho,Mohale's Hoek
LS.QT,Lesotho,Quthing
LS.BB,Lesotho,Butha-Buthe
LS.LE,Lesotho,Leribe
LS.MK,Lesotho,Mokhotlong
LS.QN,Lesotho,Qacha's Nek
LS.TT,Lesotho,Thaba-Tseka
LS.MF,Lesotho,Mafeteng
LT.AS,Lithuania,Alytaus
LT.KS,Lithuania,Kauno
LT.MA,Lithuania,Marijampoles
LT.PA,Lithuania,Panevezio
LT.SH,Lithuania,Šiauliai
LT.TG,Lithuania,Taurages
LT.UN,Lithuania,Utenos
LT.VI,Lithuania,Vilniaus
LT.KP,Lithuania,Klaipedos
LT.TL,Lithuania,Telšiai
LU.DI,Luxembourg,Diekirch
LU.GR,Luxembourg,Grevenmacher
LU.LU,Luxembourg,Luxembourg
LV.BL,Latvia,Balvi
LV.KR,Latvia,Kraslava
LV.LU,Latvia,Ludza
L,Latvia,Latgale
LV.SA,Latvia,Saldus
LV.AL,Latvia,Aluksne
EE.VG,Latvia,Valga
Z,Latvia,Zemgale
LV.BU,Latvia,Bauska
LV.CE,Latvia,Vidzeme
LV.DG,Latvia,Daugavpils
LV.DO,Latvia,Dobele
LV.GU,Latvia,Gulbene
LV.JG,Latvia,Jelgava
LV.JK,Latvia,Jekabpils
LV.LM,Latvia,Limbaži
LV.MA,Latvia,Madona
LV.OG,Latvia,Ogre
LV.PR,Latvia,Preili
R,Latvia,Riga
LV.TA,Latvia,Talsi
LV.TU,Latvia,Tukums
LV.VM,Latvia,Valmiera
R,Latvia,Riga
K,Latvia,Kurzeme
LV.LP,Latvia,Liepaja
LV.VN,Latvia,Ventspils
"",Macau S.A.R,MAC-00 (Macau aggregation)
"",Saint Martin,MAF-00 (St. Martin aggregation)
MA.TO,Morocco,Tanger - Tétouan
MA.FB,Morocco,Fès - Boulemane
MA.TH,Morocco,Taza - Al Hoceima - Taounate
MA.GB,Morocco,Gharb - Chrarda - Béni Hssen
MA.CO,Morocco,Chaouia - Ouardigha
MA.GC,Morocco,Grand Casablanca
MA.RZ,Morocco,Rabat - Salé - Zemmour - Zaer
MA.MT,Morocco,Meknès - Tafilalet
MA.TD,Morocco,Tadla - Azilal
MA.OR,Morocco,Oriental
MA.SM,Morocco,Souss - Massa - Draâ
MA.MK,Morocco,Marrakech - Tensift - Al Haouz
MA.DA,Morocco,Doukkala - Abda
MA.LB,Morocco,Laâyoune - Boujdour - Sakia El Hamra
MA.GE,Morocco,Guelmim - Es-Semara
MA.OD,Morocco,Oued el Dahab
"",Monaco,MCO-00 (Monaco aggregation)
MD.BR,Moldova,Briceni
MD.DO,Moldova,Donduseni
MD.ED,Moldova,Edinet
MD.OC,Moldova,Ocnita
MD.RS,Moldova,Rîscani
MD.BT,Moldova,Balti
MD.DR,Moldova,Drochia
MD.FA,Moldova,Falesti
MD.GL,Moldova,Glodeni
MD.SI,Moldova,Sîngerei
MD.UG,Moldova,Ungheni
MD.CH,Moldova,Cahul
MD.TA,Moldova,Taraclia
MD.GA,Moldova,Gagauzia
MD.CV,Moldova,Chisinau
MD.DB,Moldova,Dubasari
MD.AN,Moldova,Anenii Noi
MD.BA,Moldova,Basarabeasca
MD.CN,Moldova,Cantemir
MD.CA,Moldova,Calarasi
MD.CS,Moldova,Cimislia
MD.CR,Moldova,Criuleni
MD.FL,Moldova,Floresti
MD.CU,Moldova,Cainari
MD.DU,Moldova,Grigoriopol
MD.DB,Moldova,Transnistria
MD.HI,Moldova,Hîncesti
MD.IA,Moldova,Ialoveni
MD.LE,Moldova,Leova
MD.NI,Moldova,Nisporeni
MD.OH,Moldova,Orhei
MD.RZ,Moldova,Rezina
MD.RZ,Moldova,Rezina
MD.SD,Moldova,Soldanesti
MD.ST,Moldova,Straseni
MD.TE,Moldova,Telenesti
MD.CU,Moldova,Causeni
MD.BD,Moldova,Bender
MD.SV,Moldova,Stefan Voda
MD.SD,Moldova,Camenca
MD.SO,Moldova,Soroca
MG.AV,Madagascar,Antananarivo
MG.AS,Madagascar,Antsiranana
MG.FI,Madagascar,Fianarantsoa
MG.MA,Madagascar,Mahajanga
MG.TM,Madagascar,Toamasina
MG.TL,Madagascar,Toliary
"",Maldives,MDV-00 (Maldives aggregation)
"",Mexico,MEX-99 (Mexico minor island)
MX.BN,Mexico,Baja California
MX.BS,Mexico,Baja California Sur
MX.CA,Mexico,Coahuila
MX.CH,Mexico,Chihuahua
MX.DU,Mexico,Durango
MX.SI,Mexico,Sinaloa
MX.SO,Mexico,Sonora
MX.ZA,Mexico,Zacatecas
MX.NL,Mexico,Nuevo León
MX.SL,Mexico,San Luis Potosí
MX.TM,Mexico,Tamaulipas
MX.AG,Mexico,Aguascalientes
MX.CL,Mexico,Colima
MX.JA,Mexico,Jalisco
MX.MC,Mexico,Michoacán
MX.NA,Mexico,Nayarit
MX.CM,Mexico,Campeche
MX.OA,Mexico,Oaxaca
MX.PU,Mexico,Puebla
MX.TB,Mexico,Tabasco
MX.TL,Mexico,Tlaxcala
MX.DF,Mexico,Distrito Federal
MX.GJ,Mexico,Guanajuato
MX.GR,Mexico,Guerrero
MX.HI,Mexico,Hidalgo
MX.MX,Mexico,México
MX.MR,Mexico,Morelos
MX.QE,Mexico,Querétaro
MX.VE,Mexico,Veracruz
MX.CP,Mexico,Chiapas
MX.QR,Mexico,Quintana Roo
MX.YU,Mexico,Yucatán
"",Marshall Islands,MHL-00 (Marshall Is. aggregation)
"",Marshall Islands,MHL-99 (Marshall Is. minor island)
"",Macedonia,Ohrid
MK.RE,Macedonia,Resen
MK.VV,Macedonia,Vevcani
MK.TL,Macedonia,Bitola
MK.DM,Macedonia,Demir Hisar
MK.OD,Macedonia,Ohrid
"",Macedonia,Debarca
MK.PE,Macedonia,Skopje
MK.PN,Macedonia,Southwestern
MK.PP,Macedonia,Prilep
MK.PT,Macedonia,Probistip
MK.RV,Macedonia,Radovis
MK.KZ,Macedonia,Kriva Palanka
MK.RM,Macedonia,Vardar
MK.AJ,Macedonia,Saraj
MK.SS,Macedonia,Sopiste
MK.NA,Macedonia,Northeastern
MK.ST,Macedonia,Štip
MK.SU,Macedonia,Studenicani
MK.CI,Macedonia,Cair
MK.SL,Macedonia,Sveti Nikole
MK.VE,Macedonia,Veles
MK.VC,Macedonia,Vraneštica
MK.ZK,Macedonia,Zelenikovo
MK.ZE,Macedonia,Želino
MK.AR,Macedonia,Aracinovo
MK.LI,Macedonia,Lipkovo
MK.BU,Macedonia,Butel
MK.CA,Macedonia,Caška
MK.CE,Macedonia,Centar
MK.ZR,Macedonia,Eastern
MK.CH,Macedonia,Cešinovo-Obleševo
MK.CS,Macedonia,Cucer Sandevo
MK.DK,Macedonia,Demir Kapija
MK.DE,Macedonia,Dolneni
MK.GB,Macedonia,Gazi Baba
MK.GR,Macedonia,Gradsko
MK.LO,Macedonia,Lozovo
MK.KN,Macedonia,Konce
MK.IL,Macedonia,Ilinden
MK.KB,Macedonia,Karbinci
MK.KX,Macedonia,Karpoš
MK.AV,Macedonia,Kavadartsi
MK.AD,Macedonia,Aerodrom
MK.VD,Macedonia,Skopje
MK.OC,Macedonia,Kocani
MK.KY,Macedonia,Kratovo
MK.KG,Macedonia,Krivogaštani
MK.KS,Macedonia,Kruševo
MK.UM,Macedonia,Kumanovo
MK.MD,Macedonia,Brod
MK.MG,Macedonia,Pelagonia
MK.NG,Macedonia,Negotino
MK.NV,Macedonia,Novatsi
MK.GP,Macedonia,Gjorce Petrov
MK.ZA,Macedonia,Zajas
MK.CZ,Macedonia,Centar župa
MK.DB,Macedonia,Debar
MK.DR,Macedonia,Southwestern
MK.KH,Macedonia,Kicevo
MK.MR,Macedonia,Mavrovo and Rostusa
MK.OS,Macedonia,Oslomej
MK.TR,Macedonia,Tearce
MK.ET,Macedonia,Tetovo
MK.VH,Macedonia,Polog
MK.VJ,Macedonia,Bogovinje
MK.BN,Macedonia,Brvenica
MK.GT,Macedonia,Gostivar
MK.JG,Macedonia,Jegunovce
MK.RU,Macedonia,Southeastern
MK.VA,Macedonia,Valandovo
MK.VL,Macedonia,Vasilevo
MK.BG,Macedonia,Bogdanci
MK.BS,Macedonia,Southeastern
MK.GV,Macedonia,Southeastern
MK.NS,Macedonia,Novo Selo
MK.SD,Macedonia,Dojran
MK.NI,Macedonia,Vinitsa
MK.BR,Macedonia,Berovo
MK.DL,Macedonia,Delcevo
MK.MK,Macedonia,Makedonska Kamenica
MK.PH,Macedonia,Phecevo
ML.TB,Mali,Timbuktu
ML.KD,Mali,Kidal
ML.GA,Mali,Gao
ML.KK,Mali,Bamako
ML.KY,Mali,Kayes
ML.SK,Mali,Sikasso
ML.MO,Mali,Mopti
ML.SG,Mali,Ségou
"",Malta,MLT-00 (Malta aggregation)
MM.KH,Myanmar,Kayah
MM.KN,Myanmar,Kayin
MM.MD,Myanmar,Mandalay
MM.BA,Myanmar,Bago
MM.YA,Myanmar,Yangon
MM.MO,Myanmar,Mon
MM.RA,Myanmar,Rakhine
MM.CH,Myanmar,Chin
MM.AY,Myanmar,Ayeyarwady
MM.MG,Myanmar,Magway
MM.SH,Myanmar,Shan
MM.TN,Myanmar,Tanintharyi
MM.KC,Myanmar,Kachin
MM.SA,Myanmar,Sagaing
ME.BA,Montenegro,Bar
ME.UL,Montenegro,Ulcinj
ME.BU,Montenegro,Budva
ME.CE,Montenegro,Cetinje
ME.RO,Montenegro,Rožaje
ME.PV,Montenegro,Plav
ME.HN,Montenegro,Herceg Novi
ME.KT,Montenegro,Kotor
ME.AN,Montenegro,Andrijevica
ME.BE,Montenegro,Berane
ME.BP,Montenegro,Bijelo Polje
ME.DA,Montenegro,Danilovgrad
ME.KL,Montenegro,Kolašin
ME.MK,Montenegro,Mojkovac
ME.NK,Montenegro,Nikšic
ME.PU,Montenegro,Plužine
ME.PL,Montenegro,Pljevlja
ME.PG,Montenegro,Podgorica
ME.TI,Montenegro,Tivat
ME.SA,Montenegro,Šavnik
ME.ZA,Montenegro,Žabljak
MN.BO,Mongolia,Bayan-Ölgiy
MN.DG,Mongolia,Dornogovi
MN.OG,Mongolia,Ömnögovi
MN.HN,Mongolia,Hentiy
MN.AR,Mongolia,Arhangay
MN.BH,Mongolia,Bayanhongor
MN.DZ,Mongolia,Dzavhan
MN.GA,Mongolia,Govi-Altay
MN.HD,Mongolia,Hovd
MN.HG,Mongolia,Hövsgöl
MN.UV,Mongolia,Uvs
MN.BU,Mongolia,Bulgan
MN.ER,Mongolia,Orhon
MN.DU,Mongolia,Dundgovi
MN.SL,Mongolia,Selenge
MN.OH,Mongolia,Övörhangay
MN.DA,Mongolia,Darhan-Uul
MN.TO,Mongolia,Töv
MN.GS,Mongolia,Govisümber
MN.UB,Mongolia,Ulaanbaatar
MN.DD,Mongolia,Dornod
MN.SB,Mongolia,Sühbaatar
"",Northern Mariana Islands,MNP-00 (N. Mariana Is. aggregation)
MZ.TE,Mozambique,Tete
MZ.MN,Mozambique,Manica
MZ.CD,Mozambique,Cabo Delgado
MZ.NS,Mozambique,Niassa
MZ.NM,Mozambique,Nampula
MZ.GA,Mozambique,Gaza
MZ.SO,Mozambique,Sofala
MZ.ZA,Mozambique,Zambezia
MZ.IN,Mozambique,Inhambane
MZ.MP,Mozambique,Maputo
MR.TZ,Mauritania,Tiris Zemmour
MR.BR,Mauritania,Brakna
MR.DN,Mauritania,Dakhlet Nouadhibou
MR.IN,Mauritania,Inchiri
MR.NO,Mauritania,Nouakchott
MR.TR,Mauritania,Trarza
MR.AS,Mauritania,Assaba
MR.GD,Mauritania,Guidimaka
MR.GO,Mauritania,Gorgol
MR.AD,Mauritania,Adrar
MR.HC,Mauritania,Hodh ech Chargui
MR.HG,Mauritania,Hodh el Gharbi
MR.TG,Mauritania,Tagant
"",Montserrat,MSR-00 (Montserrat aggregation)
"",Mauritius,MUS-00 (Mauritius aggregation)
MW.CT,Malawi,Chitipa
MW.CT,Malawi,Chitipa
MW.KS,Malawi,Kasungu
MW.MZ,Malawi,Mzimba
MW.NA,Malawi,Nkhata Bay
MW.NK,Malawi,Nkhotakota
MW.RU,Malawi,Rumphi
MW.MA,Malawi,Machinga
MW.DE,Malawi,Dedza
MW.DO,Malawi,Dowa
MW.LI,Malawi,Lilongwe
MW.MG,Malawi,Mangochi
MW.MC,Malawi,Mchinji
MW.NU,Malawi,Ntcheu
MW.NI,Malawi,Ntchisi
MW.SA,Malawi,Salima
MW.BA,Malawi,Balaka
MW.CK,Malawi,Chikwawa
MW.CR,Malawi,Chiradzulu
MW.TH,Malawi,Thyolo
MW.NS,Malawi,Nsanje
MW.ZO,Malawi,Zomba
MW.BL,Malawi,Blantyre
MW.MW,Malawi,Mwanza
MW.MJ,Malawi,Mulanje
MW.PH,Malawi,Phalombe
MY.PK,Malaysia,Perak
MY.PG,Malaysia,Pulau Pinang
MY.PG,Malaysia,Pulau Pinang
MY.KH,Malaysia,Kedah
MY.PL,Malaysia,Perlis
MY.PL,Malaysia,Perlis
MY.JH,Malaysia,Johor
MY.KN,Malaysia,Kelantan
MY.ME,Malaysia,Melaka
MY.NS,Malaysia,Negeri Sembilan
MY.PH,Malaysia,Pahang
MY.SL,Malaysia,Selangor
MY.TE,Malaysia,Trengganu
MY.SA,Malaysia,Sabah
MY.SK,Malaysia,Sarawak
"",France,MYT-00 (Mayotte aggregation)
NA.KA,Namibia,Karas
NA.HA,Namibia,Hardap
NA.KH,Namibia,Khomas
NA.KU,Namibia,Kunene
NA.ER,Namibia,Erongo
NA.OD,Namibia,Otjozondjupa
NA.OS,Namibia,Omusati
NA.ON,Namibia,Oshana
NA.OW,Namibia,Ohangwena
NA.OH,Namibia,Omaheke
NA.OK,Namibia,Kavango
NA.OT,Namibia,Oshikoto
NA.CA,Namibia,Caprivi
NC.IL,New Caledonia,Îles Loyauté
NC.SU,New Caledonia,Sud
NC.NO,New Caledonia,Nord
NE.DF,Niger,Diffa
NE.AG,Niger,Agadez
NE.MA,Niger,Maradi
NE.ZI,Niger,Zinder
NE.DS,Niger,Dosso
NE.NI,Niger,Niamey
NE.TH,Niger,Tahoua
"",Norfolk Island,NFK-00 (Norfolk Island aggregation)
NG.BO,Nigeria,Borno
"",Nigeria,Water body
NG.AB,Nigeria,Abia
NG.AK,Nigeria,Akwa Ibom
NG.IM,Nigeria,Imo
NG.RI,Nigeria,Rivers
NG.BY,Nigeria,Bayelsa
NG.BE,Nigeria,Benue
NG.CR,Nigeria,Cross River
NG.TA,Nigeria,Taraba
NG.KW,Nigeria,Kwara
NG.LA,Nigeria,Lagos
NG.NI,Nigeria,Niger
NG.OG,Nigeria,Ogun
NG.ON,Nigeria,Ondo
NG.EK,Nigeria,Ekiti
NG.OS,Nigeria,Osun
NG.OY,Nigeria,Oyo
NG.AN,Nigeria,Anambra
NG.BA,Nigeria,Bauchi
NG.GO,Nigeria,Gombe
NG.DE,Nigeria,Delta
NG.ED,Nigeria,Edo
NG.EN,Nigeria,Enugu
NG.EB,Nigeria,Ebonyi
NG.KD,Nigeria,Kaduna
NG.KO,Nigeria,Kogi
NG.PL,Nigeria,Plateau
NG.NA,Nigeria,Nassarawa
NG.JI,Nigeria,Jigawa
NG.KN,Nigeria,Kano
NG.KT,Nigeria,Katsina
NG.SO,Nigeria,Sokoto
NG.ZA,Nigeria,Zamfara
NG.YO,Nigeria,Yobe
NG.KE,Nigeria,Kebbi
NG.AD,Nigeria,Adamawa
NG.FC,Nigeria,Federal Capital Territory
lake,Nicaragua,Nicaragua
NI.AS,Nicaragua,Atlántico Sur
NI.CA,Nicaragua,Carazo
NI.GR,Nicaragua,Granada
NI.JI,Nicaragua,Jinotega
NI.AN,Nicaragua,Atlántico Norte
NI.LE,Nicaragua,León
NI.MN,Nicaragua,Managua
NI.MS,Nicaragua,Masaya
NI.CI,Nicaragua,Chinandega
NI.ES,Nicaragua,Estelí
NI.MD,Nicaragua,Madriz
NI.MT,Nicaragua,Matagalpa
NI.NS,Nicaragua,Nueva Segovia
NI.BO,Nicaragua,Boaco
NI.CO,Nicaragua,Chontales
"",Niue,NIU-00 (Niue aggregation)
"",Netherlands,NLD-11 (Netherlands remainder)
NL.NB,Netherlands,Noord-Brabant
NL.UT,Netherlands,Utrecht
NL.ZH,Netherlands,Zuid-Holland
NL.NH,Netherlands,Noord-Holland
NL.DR,Netherlands,Drenthe
NL.FR,Netherlands,Friesland
NL.GE,Netherlands,Gelderland
NL.GR,Netherlands,Groningen
NL.LI,Netherlands,Limburg
NL.OV,Netherlands,Overijssel
NL.FL,Netherlands,Flevoland
NL.ZE,Netherlands,Zeeland
NO.FI,Norway,Finnmark
NO.NO,Norway,Nordland
NO.TR,Norway,Troms
SJ.SV,Norway,Svalbard
NO.MR,Norway,Møre og Romsdal
NO.ST,Norway,Sør-Trøndelag
NO.AA,Norway,Aust-Agder
NO.HO,Norway,Hordaland
NO.RO,Norway,Rogaland
NO.SF,Norway,Sogn og Fjordane
NO.VA,Norway,Vest-Agder
NO.AK,Norway,Akershus
NO.BU,Norway,Buskerud
NO.HE,Norway,Hedmark
NO.OP,Norway,Oppland
NO.OS,Norway,Oslo
NO.TE,Norway,Telemark
NO.VF,Norway,Vestfold
NO.OF,Norway,Østfold
NO.NT,Norway,Nord-Trøndelag
NP.PM,Nepal,Gorkha
NP.MP,Nepal,Banke
NP.PM,Nepal,Dhawalagiri
NP.MP,Nepal,Karnali
NP.PM,Nepal,Lumbini
NP.SP,Nepal,Mahakali
NP.SP,Nepal,Achham
NP.MM,Nepal,Bhaktapur
NP.MM,Nepal,Janakpur
NP.MM,Nepal,Narayani
NP.PW,Nepal,Sagarmatha
NP.PW,Nepal,Bhojpur
NP.PW,Nepal,Mechi
NP.MP,Nepal,Rapti
"",Nauru,NRU-00 (Nauru aggregation)
"",New Zealand,NZA-00 (N.Z. SubAntarctic Is. aggregation)
"",New Zealand,NZC-00 (Chatham Is. aggregation)
"",New Zealand,NZL-11 (South I. remainder)
NZ.MW,New Zealand,Manawatu-Wanganui
NZ.GI,New Zealand,Gisborne
NZ.HB,New Zealand,Hawke's Bay
NZ.AU,New Zealand,Auckland
NZ.BP,New Zealand,Bay of Plenty
NZ.CA,New Zealand,Canterbury
NZ.MA,New Zealand,Marlborough
"",New Zealand,Nelson
"",New Zealand,Tasman
NZ.NO,New Zealand,Northland
NZ.TK,New Zealand,Taranaki
NZ.WC,New Zealand,West Coast
NZ.OT,New Zealand,Otago
NZ.SO,New Zealand,Southland
"",New Zealand,Waikato
"",New Zealand,Wellington
OM.DA,Oman,Ad Dakhliyah
OM.WU,Oman,Al Wusta
OM.SH,Oman,Ash Sharqiyah
OM.JA,Oman,Dhofar
OM.ZA,Oman,Al Dhahira
OM.BA,Oman,Al Batnah
OM.MU,Oman,Musandam
OM.MA,Oman,Muscat
"",Oman,Fujayrah
PK.BA,Pakistan,Baluchistan
PK.JK,Pakistan,Azad Kashmir
PK.IS,Pakistan,F.C.T.
PK.NA,Pakistan,Northern Areas
PK.TA,Pakistan,F.A.T.A.
PK.PB,Pakistan,Punjab
PK.SD,Pakistan,Sind
PK.NW,Pakistan,N.W.F.P.
PA.CH,Panama,Chiriquí
PA.CC,Panama,Coclé
PA.CL,Panama,Colón
PA.HE,Panama,Herrera
PA.LS,Panama,Los Santos
PA.SB,Panama,Panama
PA.VR,Panama,Veraguas
PA.DR,Panama,Darién
PA.SB,Panama,Kuna Yala
PA.BC,Panama,Bocas del Toro
PA.NB,Panama,Ngöbe Buglé
PA.EM,Panama,Emberá
"",Pitcairn Islands,PCN-00 (Pitcairn Is. aggregation)
"",Peru,Callao
PE.LB,Peru,Lambayeque
PE.PI,Peru,Piura
PE.TU,Peru,Tumbes
PE.AP,Peru,Apurímac
PE.AR,Peru,Arequipa
PE.CS,Peru,Cusco
PE.MD,Peru,Madre de Dios
PE.CL,Peru,Callao
PE.MQ,Peru,Moquegua
PE.TA,Peru,Tacna
PE.AN,Peru,Ancash
PE.CJ,Peru,Cajamarca
PE.HC,Peru,Huánuco
PE.LL,Peru,La Libertad
PE.PA,Peru,Pasco
PE.SM,Peru,San Martín
PE.UC,Peru,Ucayali
PE.AM,Peru,Amazonas
PE.LO,Peru,Loreto
PE.AY,Peru,Ayacucho
PE.LR,Peru,Lima Province
PE.HV,Peru,Huancavelica
PE.IC,Peru,Ica
PE.JU,Peru,Junín
PE.LR,Peru,Lima
"",China,PFA-00 (Paracel Is. aggregation)
"",Spratly Is.,PGA-00 (Spratly Is. aggregation)
"",Philippines,PHL-11 (Philippines remainder)
PH.TT,Philippines,Tawi-Tawi
"",Philippines,Sabah
PH.BO,Philippines,Bohol
PH.CB,Philippines,Cebu
PH.GU,Philippines,Guimaras
PH.NR,Philippines,Negros Oriental
PH.SQ,Philippines,Siquijor
PH.ND,Philippines,Negros Occidental
PH.BS,Philippines,Basilan
PH.ZN,Philippines,Zamboanga del Norte
PH.ZS,Philippines,Zamboanga del Sur
PH.ZS,Philippines,Zamboanga Del Sur
PH.MD,Philippines,Misamis Occidental
PH.SU,Philippines,Sulu
PH.AK,Philippines,Aklan
PH.AQ,Philippines,Antique
PH.AQ,Philippines,Antique
PH.CP,Philippines,Capiz
PH.II,Philippines,Iloilo
PH.GU,Philippines,Guimaras
PH.MC,Philippines,Occidental Mindoro
PH.MC,Philippines,Occidental Mindoro
PH.MC,Philippines,Occidental Mindoro
PH.PL,Philippines,Palawan
PH.RO,Philippines,Romblon
PH.AL,Philippines,Albay
PH.CN,Philippines,Camarines Norte
PH.CS,Philippines,Camarines Sur
PH.CT,Philippines,Catanduanes
PH.MB,Philippines,Masbate
PH.SR,Philippines,Sorsogon
PH.AB,Philippines,Abra
PH.BN,Philippines,Batanes
PH.CG,Philippines,Cagayan
PH.AP,Philippines,Apayao
PH.IN,Philippines,Ilocos Norte
PH.IS,Philippines,Ilocos Sur
PH.AU,Philippines,Aurora
PH.IB,Philippines,Isabela
PH.IF,Philippines,Ifugao
PH.MT,Philippines,Mountain Province
PH.NV,Philippines,Nueva Vizcaya
PH.QR,Philippines,Quirino
PH.BA,Philippines,Bataan
PH.TR,Philippines,Tarlac
PH.NE,Philippines,Nueva Ecija
PH.PM,Philippines,Pampanga
PH.BG,Philippines,Benguet
PH.ZM,Philippines,Zambales
PH.LU,Philippines,La Union
PH.PN,Philippines,Pangasinan
PH.CV,Philippines,Cavite
PH.BT,Philippines,Batangas
PH.BU,Philippines,Bulacan
PH.LG,Philippines,Laguna
PH.RI,Philippines,Rizal
PH.MM,Philippines,Metropolitan Manila
PH.MQ,Philippines,Marinduque
PH.MC,Philippines,Occidental Mindoro
PH.MR,Philippines,Oriental Mindoro
PH.QZ,Philippines,Quezon
PH.LN,Philippines,Lanao del Norte
PH.LS,Philippines,Lanao del Sur
PH.SF,Philippines,Lanao Del Sur
PH.MG,Philippines,Maguindanao
PH.SF,Philippines,Shariff Kabunsuan
PH.NC,Philippines,North Cotabato
PH.SK,Philippines,Sultan Kudarat
PH.BI,Philippines,Biliran
PH.ES,Philippines,Eastern Samar
PH.LE,Philippines,Leyte
PH.SM,Philippines,Samar
PH.SL,Philippines,Southern Leyte
PH.NS,Philippines,Northern Samar
PH.AN,Philippines,Agusan del Norte
PH.AS,Philippines,Agusan del Sur
PH.BK,Philippines,Bukidnon
PH.CM,Philippines,Camiguin
PH.DV,Philippines,Davao del Norte
PH.CL,Philippines,Compostela Valley
PH.DI,Philippines,Dinagat Islands
PH.SS,Philippines,Surigao del Sur
PH.MN,Philippines,Misamis Oriental
PH.DS,Philippines,Davao Del Sur
PH.DO,Philippines,Davao Oriental
PH.SG,Philippines,Sarangani
PH.SC,Philippines,South Cotabato
PH.SG,Philippines,Sultan Kudarat
"",Palau,PLW-00 (Palau aggregation)
PG.EG,Papua New Guinea,Enga
PG.ES,Papua New Guinea,East Sepik
PG.MD,Papua New Guinea,Madang
PG.SA,Papua New Guinea,Sandaun
PG.CH,Papua New Guinea,Chimbu
PG.EH,Papua New Guinea,Eastern Highlands
PG.GU,Papua New Guinea,Gulf
PG.NS,Papua New Guinea,North Solomons
PG.SH,Papua New Guinea,Southern Highlands
PG.WH,Papua New Guinea,Western Highlands
PG.WE,Papua New Guinea,Western
PG.CE,Papua New Guinea,Central
PG.EN,Papua New Guinea,East New Britain
PG.MN,Papua New Guinea,Manus
PG.MB,Papua New Guinea,Milne Bay
PG.MR,Papua New Guinea,Morobe
PG.CE,Papua New Guinea,National Capital District
PG.NI,Papua New Guinea,New Ireland
PG.NO,Papua New Guinea,Northern
PG.WN,Papua New Guinea,West New Britain
PL.WN,Poland,Warmian-Masurian
PL.PM,Poland,Pomeranian
PL.DS,Poland,Lower Silesian
PL.ZP,Poland,West Pomeranian
PL.LB,Poland,Lubusz
PL.WP,Poland,Greater Poland
PL.KP,Poland,Kuyavian-Pomeranian
PL.SL,Poland,Silesian
PL.LD,Poland,Lódz
PL.MZ,Poland,Masovian
PL.SK,Poland,Swietokrzyskie
PL.PD,Poland,Podlachian
PL.LU,Poland,Lublin
PL.PK,Poland,Subcarpathian
PL.OP,Poland,Opole
PL.MA,Poland,Lesser Poland
"",Puerto Rico,PRI-00 (Puerto Rico aggregation)
KP.WB,North Korea,Hwanghae-bukto
KP.WN,North Korea,Hwanghae-namdo
KP.PY,North Korea,P'yongyang
KP.PY,North Korea,Namp'o-si
KP.HG,North Korea,Hamgyong-bukto
KP.KW,North Korea,Kangwon-do
KP.KS,North Korea,Kaesong
KP.CH,North Korea,Chagang-do
KP.HN,North Korea,Hamgyong-namdo
KP.PB,North Korea,P'yongan-bukto
KP.PN,North Korea,P'yongan-namdo
KP.YG,North Korea,Ryanggang
PT.AC,Portugal,Azores
PT.MA,Portugal,Madeira
PT.AV,Portugal,Aveiro
PT.LE,Portugal,Leiria
PT.VC,Portugal,Viana do Castelo
PT.BE,Portugal,Beja
PT.EV,Portugal,Évora
PT.FA,Portugal,Faro
PT.LI,Portugal,Lisboa
PT.PA,Portugal,Portalegre
PT.SA,Portugal,Santarém
PT.BR,Portugal,Braga
PT.BA,Portugal,Bragança
PT.CB,Portugal,Castelo Branco
PT.CO,Portugal,Coimbra
PT.GU,Portugal,Guarda
PT.PO,Portugal,Porto
PT.VI,Portugal,Viseu
PT.VR,Portugal,Vila Real
PY.AG,Paraguay,Alto Paraguay
PY.BQ,Paraguay,Boquerón
PY.CN,Paraguay,Concepción
PY.CR,Paraguay,Cordillera
PY.PH,Paraguay,Presidente Hayes
PY.SP,Paraguay,San Pedro
PY.AS,Paraguay,Asunción
PY.GU,Paraguay,Guairá
PY.MI,Paraguay,Misiones
PY.NE,Paraguay,Ñeembucú
PY.PG,Paraguay,Paraguarí
PY.AM,Paraguay,Amambay
PY.AA,Paraguay,Alto Paraná
PY.CG,Paraguay,Caaguazú
PY.CZ,Paraguay,Caazapá
PY.CY,Paraguay,Canindeyú
PY.IT,Paraguay,Itapúa
"",French Polynesia,PYF-00 (Fr. Polynesia aggregation)
"",French Polynesia,PYF-99 (Fr. Polynesia minor island)
QA.DA,Qatar,Ad Dawhah
QA.RA,Qatar,Ar Rayyan
QA.WA,Qatar,Al Wakrah
QA.JB,Qatar,Jariyan al Batnah
QA.GH,Qatar,Al Ghuwayriyah
QA.JU,Qatar,Al Jumayliyah
QA.KH,Qatar,Al Khawr
QA.MS,Qatar,Madinat ach Shamal
QA.US,Qatar,Umm Salal
"",France,REU-00 (Reunion aggregation)
RO.DJ,Romania,Dolj
RO.GJ,Romania,Gorj
RO.MH,Romania,Mehedinti
RO.OT,Romania,Olt
RO.TR,Romania,Teleorman
RO.BI,Romania,Bucharest
RO.CL,Romania,Calarasi
RO.DB,Romania,Dâmbovita
RO.GR,Romania,Giurgiu
RO.IL,Romania,Ialomita
RO.CT,Romania,Constanta
RO.AR,Romania,Arad
RO.BH,Romania,Bihor
RO.CS,Romania,Caras-Severin
RO.TM,Romania,Timis
RO.BT,Romania,Botosani
RO.AB,Romania,Alba
RO.BN,Romania,Bistrita-Nasaud
RO.CJ,Romania,Cluj
RO.HD,Romania,Hunedoara
RO.MM,Romania,Maramures
RO.MS,Romania,Mures
RO.SJ,Romania,Salaj
RO.SM,Romania,Satu Mare
RO.AG,Romania,Arges
RO.SB,Romania,Sibiu
RO.VL,Romania,Vâlcea
RO.BV,Romania,Brasov
RO.CV,Romania,Covasna
RO.HR,Romania,Harghita
RO.IS,Romania,Iasi
RO.NT,Romania,Neamt
RO.PH,Romania,Prahova
RO.SV,Romania,Suceava
RO.BC,Romania,Bacau
RO.BR,Romania,Braila
RO.BZ,Romania,Buzau
RO.GL,Romania,Galati
RO.VS,Romania,Vaslui
RO.VN,Romania,Vrancea
"",Russia,RUS-99 (Russia minor island)
RU.TO,Russia,Tomsk
RU.AD,Russia,Adygey
RU.KC,Russia,Karachay-Cherkess
RU.IN,Russia,Ingush
RU.KB,Russia,Kabardin-Balkar
RU.NO,Russia,North Ossetia
RU.ST,Russia,Stavropol'
"",Russia,Chukchi Autonomous Okrug
RU.KN,Russia,Kaliningrad
RU.MM,Russia,Murmansk
RU.NG,Russia,Novgorod
RU.PS,Russia,Pskov
RU.LN,Russia,Leningrad
RU.SP,Russia,City of St. Petersburg
RU.BR,Russia,Bryansk
RU.SM,Russia,Smolensk
RU.KI,Russia,Karelia
RU.VO,Russia,Arkhangel'sk
RU.IV,Russia,Ivanovo
RU.KT,Russia,Kostroma
RU.NZ,Russia,Nizhegorod
RU.TV,Russia,Tver'
RU.VO,Russia,Vologda
RU.YS,Russia,Yaroslavl'
RU.KG,Russia,Kaluga
RU.KS,Russia,Kursk
RU.LP,Russia,Lipetsk
RU.MS,Russia,Moskovsskaya
RU.MS,Russia,Moskva
RU.OL,Russia,Orel
RU.RO,Russia,Rostov
RU.TL,Russia,Tula
RU.VG,Russia,Volgograd
RU.BL,Russia,Belgorod
RU.KD,Russia,Krasnodar
RU.MR,Russia,Mordovia
RU.PZ,Russia,Penza
RU.RZ,Russia,Ryazan'
RU.TB,Russia,Tambov
RU.VL,Russia,Vladimir
RU.VR,Russia,Voronezh
RU.BK,Russia,Bashkortostan
RU.CL,Russia,Chelyabinsk
RU.KU,Russia,Kurgan
RU.NN,Russia,Nenets
RU.YN,Russia,Yamal-Nenets
RU.KO,Russia,Komi
RU.KV,Russia,Kirov
RU.ME,Russia,Mariy-El
RU.SV,Russia,Sverdlovsk
RU.UD,Russia,Udmurt
RU.AS,Russia,Astrakhan'
RU.CV,Russia,Chuvash
RU.KL,Russia,Kalmyk
RU.OB,Russia,Orenburg
RU.SA,Russia,Samara
RU.SR,Russia,Saratov
RU.TT,Russia,Tatarstan
RU.UL,Russia,Ul'yanovsk
RU.KM,Russia,Khanty-Mansiy
RU.OM,Russia,Omsk
RU.TY,Russia,Tyumen'
RU.AL,Russia,Altay
RU.GA,Russia,Gorno-Altay
RU.KE,Russia,Kemerovo
RU.KK,Russia,Khakass
RU.NS,Russia,Novosibirsk
RU.CN,Russia,Chechnya
RU.DA,Russia,Dagestan
RU.EN,Russia,Evenk
RU.IR,Russia,Irkutsk
RU.KY,Russia,Krasnoyarsk
RU.TM,Russia,Taymyr
RU.TU,Russia,Tuva
RU.BU,Russia,Buryat
RU.UB,Russia,Ust-Orda Buryat
RU.AB,Russia,Aga Buryat
RU.AM,Russia,Amur
RU.CT,Russia,Chita
RU.PR,Russia,Primor'ye
RU.CK,Russia,Chukot
RU.YV,Russia,Yevrey
RU.KH,Russia,Khabarovsk
RU.MG,Russia,Maga Buryatdan
RU.SL,Russia,Sakhalin
RU.MM,Russia,Murmansk
"",Russia,South Karelia
RU.KP,Russia,Komi-Permyak
RU.PE,Russia,Perm'
RU.KA,Russia,Kamchatka
"",Rwanda,Southern
"",Rwanda,Western
"",Rwanda,Eastern
"",Rwanda,Northern
"",Rwanda,Kigali City
"",Western Sahara,SAH-00 (W. Sahara aggregation)
SA.NJ,Saudi Arabia,Najran
SA.RI,Saudi Arabia,Ar Riyad
SA.SH,Saudi Arabia,Ash Sharqiyah
SA.MD,Saudi Arabia,Al Madinah
SA.QS,Saudi Arabia,Al Quassim
SA.HA,Saudi Arabia,Ha'il
SA.TB,Saudi Arabia,Tabuk
SA.HS,Saudi Arabia,Al Hudud ash Shamaliyah
SA.JF,Saudi Arabia,Al Jawf
SA.BA,Saudi Arabia,Al Bahah
SA.AS,Saudi Arabia,`Asir
SA.JZ,Saudi Arabia,Jizan
SA.MK,Saudi Arabia,Makkah
SD.BN,Sudan,Blue Nile
SD.RS,Sudan,Red Sea
SD.WD,Sudan,West Darfur
SD.SD,Sudan,South Darfur
SD.KH,Sudan,Khartoum
SD.GZ,Sudan,Gezira
SD.GD,Sudan,Gedarif
SD.RN,Sudan,River Nile
SD.NO,Sudan,Northern
SD.WN,Sudan,White Nile
SD.SI,Sudan,Sennar
SD.ND,Sudan,North Darfur
SD.KS,Sudan,South Kordufan
SD.KN,Sudan,North Kordufan
SD.KA,Sudan,Kassala
SD.NB,S. Sudan,North Bahr-al-Ghazal
SD.EB,S. Sudan,Lakes
SD.WE,S. Sudan,West Equatoria
UG.MY,S. Sudan,Central Equatoria
SD.UN,S. Sudan,Upper Nile
SD.JG,S. Sudan,Jungoli
SD.WH,S. Sudan,Unity
SD.WR,S. Sudan,Warap
SD.WB,S. Sudan,West Bahr-al-Ghazal
SD.EE,S. Sudan,East Equatoria
SN.DK,Senegal,Dakar
SN.DB,Senegal,Diourbel
SN.FK,Senegal,Fatick
"",Senegal,Kaolack
SN.LG,Senegal,Louga
SN.SL,Senegal,Matam
SN.TH,Senegal,Thiès
SN.KD,Senegal,Kolda
SN.ZG,Senegal,Ziguinchor
SN.TC,Senegal,Tambacounda
"",Singapore,SGP-00 (Singapore aggregation)
"",South Georgia and the Islands,SGS-00 (S. Sandwich Is. aggregation)
"",Saint Helena,SHN-00 (Tristan da Cunha aggregation)
SB.ML,Solomon Islands,Malaita
SB.RB,Solomon Islands,Rennell and Bellona
SB.GC,Solomon Islands,Central
SB.GC,Solomon Islands,Guadalcanal
SB.IS,Solomon Islands,Isabel
SB.TE,Solomon Islands,Temotu
"",Solomon Islands,Western
SB.CH,Solomon Islands,Choiseul
SB.MK,Solomon Islands,Makira
SL.SO,Sierra Leone,Southern
SL.WE,Sierra Leone,Western
SL.NO,Sierra Leone,Northern
SL.EA,Sierra Leone,Eastern
SV.AH,El Salvador,Ahuachapán
SV.CA,El Salvador,Cabañas
SV.CU,El Salvador,Cuscatlán
SV.LI,El Salvador,La Libertad
SV.PA,El Salvador,La Paz
SV.SO,El Salvador,Sonsonate
SV.SS,El Salvador,San Salvador
SV.UN,El Salvador,La Unión
SV.MO,El Salvador,Morazán
SV.SM,El Salvador,San Miguel
SV.SV,El Salvador,San Vicente
SV.US,El Salvador,Usulután
SV.CH,El Salvador,Chalatenango
SV.SA,El Salvador,Santa Ana
"",San Marino,SMR-00 (San Marino aggregation)
"",Somaliland,SOL-00 (Somaliland aggregation)
SO.BR,Somalia,Bari
SO.BK,Somalia,Bakool
SO.BY,Somalia,Bay
SO.GE,Somalia,Gedo
SO.JD,Somalia,Jubbada Dhexe
SO.SH,Somalia,Shabeellaha Hoose
SO.BN,Somalia,Banaadir
SO.GA,Somalia,Galguduud
SO.HI,Somalia,Hiiraan
SO.SD,Somalia,Shabeellaha Dhexe
SO.MU,Somalia,Mudug
SO.NU,Somalia,Nugaal
SO.JH,Somalia,Jubbada Hoose
"",Saint Pierre and Miquelon,SPM-00 (St. Pierre and Miquelon aggregation)
RS.JC,Republic of Serbia,Južno-Backi
RS.JN,Republic of Serbia,Južno-Banatski
RS.SD,Republic of Serbia,Srednje-Banatski
RS.PI,Republic of Serbia,Pirotski
RS.BO,Republic of Serbia,Borski
RS.ZL,Republic of Serbia,Zlatiborski
RS.ZC,Republic of Serbia,Zapadno-Backi
RS.SC,Republic of Serbia,Severno-Backi
RS.SN,Republic of Serbia,Severno-Banatski
RS.BR,Republic of Serbia,Branicevski
RS.SM,Republic of Serbia,Sremski
RS.MR,Republic of Serbia,Moravicki
RS.NS,Republic of Serbia,Nišavski
RS.PD,Republic of Serbia,Podunavski
RS.PM,Republic of Serbia,Pomoravski
RS.RN,Republic of Serbia,Pomoravski
RS.RS,Republic of Serbia,Raški
RS.TO,Republic of Serbia,Toplicki
RS.BG,Republic of Serbia,Grad Beograd
RS.KB,Republic of Serbia,Kolubarski
RS.MA,Republic of Serbia,Macvanski
RS.SU,Republic of Serbia,Šumadijski
RS.PC,Republic of Serbia,Pcinjski
RS.JA,Republic of Serbia,Jablanicki
RS.ZJ,Republic of Serbia,Zajecarski
"",Sao Tome and Principe,STP-00 (Sao Tome aggregation)
SR.NI,Suriname,Nickerie
SR.BR,Suriname,Brokopondo
SR.MA,Suriname,Marowijne
SR.PR,Suriname,Para
SR.SI,Suriname,Sipaliwini
SR.CM,Suriname,Commewijne
SR.CR,Suriname,Coronie
SR.PM,Suriname,Paramaribo
SR.SA,Suriname,Saramacca
SR.WA,Suriname,Wanica
SK.BL,Slovakia,Bratislavský
SK.BC,Slovakia,Banskobystrický
SK.ZI,Slovakia,Žilinský
SK.NI,Slovakia,Nitriansky
SK.TC,Slovakia,Trenciansky
SK.TA,Slovakia,Trnavský
SK.KI,Slovakia,Košický
SK.PV,Slovakia,Prešov
SI.LJ.VL,Slovenia,Velike Lašce
SI.SA.VE,Slovenia,Velenje
SI.SA.VI,Slovenia,Vitanje
SI.LJ.VO,Slovenia,Vodice
SI.LJ.VR,Slovenia,Vrhnika
SI.KO.VU,Slovenia,Vuzenica
SI.ZS,Slovenia,Zasavska
SI.SA.ZR,Slovenia,Zrece
SI.GO.BL,Slovenia,Bled
SI.GO.BO,Slovenia,Bohinj
SI.SP.CE,Slovenia,Cerkno
SI.GO.GV,Slovenia,Gorenja Vas-Poljane
SI.SP.ID,Slovenia,Idrija
SI.GO.KR,Slovenia,Kranj
SI.GO.KG,Slovenia,Kranjska Gora
SI.GO.NA,Slovenia,Naklo
SI.GO,Slovenia,Gorenjska
SI.GO.SL,Slovenia,Škofja Loka
SI.SP.TO,Slovenia,Tolmin
SI.GO.TR,Slovenia,Tržic
SI.GO.ZE,Slovenia,Železniki
SI.GO.ZI,Slovenia,Žiri
SI.SP.AJ,Slovenia,Ajdovšcina
SI.SP.BO,Slovenia,Bovec
SI.SP.BR,Slovenia,Brda
SI.JP.DI,Slovenia,Divaca
SI.JP.HK,Slovenia,Hrpelje-Kozina
SI.JP.IZ,Slovenia,Izola
SI.SP.KA,Slovenia,Kanal
SI.SP.KO,Slovenia,Kobarid
SI.JP.KM,Slovenia,Komen
SI.JP.KP,Slovenia,Koper
SI.SP.MK,Slovenia,Miren-Kostanjevica
SI.JP.PI,Slovenia,Piran
SI.JP.SE,Slovenia,Sežana
SI.SP.VI,Slovenia,Vipava
SI.PM.BE,Slovenia,Beltinci
SI.PD.DO,Slovenia,Dornava
SI.PD.GO,Slovenia,Gorišnica
SI.PD.DO,Slovenia,Dornava
SI.PM.KO,Slovenia,Kobilje
SI.PM.MT,Slovenia,Moravske Toplice
SI.PM,Slovenia,Pomurska
SI.PM.OD,Slovenia,Odranci
SI.PD.OR,Slovenia,Ormož
SI.PM.SJ,Slovenia,Sveti Jurij
SI.PM.TU,Slovenia,Turnišce
SI.PD.ZA,Slovenia,Zavrc
SI.PM.SA,Slovenia,Šalovci
SI.PM.KU,Slovenia,Kuzma
SI.PD.CE,Slovenia,Cerkvenjak
SI.PD.BE,Slovenia,Benedikt
SI.PD.SA,Slovenia,Sveta Ana
SI.PM.HO,Slovenia,Hodoš
SI.PM.GD,Slovenia,Grad
SI.PD.DE,Slovenia,Destrnik
SI.LJ.DP,Slovenia,Dobrova-Polhov Gradec
SI.LJ.DM,Slovenia,Domžale
SI.LJ.KA,Slovenia,Kamnik
SI.LJ.KC,Slovenia,Kocevje
SI.PD.LE,Slovenia,Lenart
SI.NO.LD,Slovenia,Loška Dolina
SI.SA.LU,Slovenia,Luce
SI.PD.MJ,Slovenia,Majšperk
SI.DO.NM,Slovenia,Novo Mesto
SI.SA.BS,Slovenia,Bistrica ob Sotli
SI.KO.PO,Slovenia,Podvelka
SI.GO.PR,Slovenia,Preddvor
SI.PD.PT,Slovenia,Ptuj
SI.KO.RK,Slovenia,Ravne na Koroškem
SI.LJ.RI,Slovenia,Ribnica
SI.PD.RU,Slovenia,Ruše
SI.SA.SC,Slovenia,Šentjur pri Celju
SI.PD.SB,Slovenia,Slovenska Bistrica
SI.PD.VI,Slovenia,Videm
SI.SA.VO,Slovenia,Vojnik
SI.SA,Slovenia,Savinjska
SI.LJ.KM,Slovenia,Komenda
SI.PD.OP,Slovenia,Oplotnica
SI.PD.HA,Slovenia,Hajdina
SI.PD.MD,Slovenia,Miklavž na Dravskem Polju
SI.PD.HS,Slovenia,Hoce-Slivnica
SI.PD.TV,Slovenia,Trnovska Vas
SI.PD.ZE,Slovenia,Žetale
SI.PD.PO,Slovenia,Podlehnik
SI.KO.PR,Slovenia,Prevalje
SI.PD.SD,Slovenia,Selnica ob Dravi
SI.PD.LP,Slovenia,Lovrenc na Pohorju
SI.LJ.TR,Slovenia,Trzin
SI.GO.JZ,Slovenia,Jezersko
SI.DO.ZU,Slovenia,Žužemberk
SI.SA.DR,Slovenia,Dobrna
SI.SA.TA,Slovenia,Tabor
SI.SA.VR,Slovenia,Vransko
SI.DO.MP,Slovenia,Mirna Pec
SI.SA.PR,Slovenia,Prebold
SI.SA.PL,Slovenia,Polzela
SI.LJ.KS,Slovenia,Kostel
SI.LJ.KC,Slovenia,Kocevje
SI.SA.BR,Slovenia,Braslovce
SI.LJ.SO,Slovenia,Sodražica
"",Slovenia,Jugovzhodna Slovenija
SI.LJ.HO,Slovenia,Horjul
SI.SA.SL,Slovenia,Solcava
SI.SA.DJ,Slovenia,Dobje
SI.LJ.DB,Slovenia,Dobrepolje
SI.NO.BL,Slovenia,Bloke
SI.SA.PD,Slovenia,Podcetrtek
SI.PD.MB,Slovenia,Maribor
SI.KO.RP,Slovenia,Ribnica na Pohorju
SI.GO.JS,Slovenia,Jesenice
SI.GO.ZV,Slovenia,Žirovnica
SI.SP,Slovenia,Goriška
SI.SP.SV,Slovenia,Šempeter-Vrtojba
SI.PM.CR,Slovenia,Crenšovci
SI.PM.LE,Slovenia,Lendava
SI.PM.LJ,Slovenia,Ljutomer
SI.PM.KR,Slovenia,Križevci
SI.PM.VE,Slovenia,Veržej
SI.PD.SS,Slovenia,Sveti Andraž v Slovenskih Goricah
SI.PM.RZ,Slovenia,Razkrižje
SI.PM.VP,Slovenia,Velika Polana
SI.PM.DO,Slovenia,Dobrovnik
SI.PD.MK,Slovenia,Markovci
SI.PM.CA,Slovenia,Cankova
SI.PM.GR,Slovenia,Gornja Radgona
SI.PM.GP,Slovenia,Gornji Petrovci
SI.PM.GP,Slovenia,Gornji Petrovci
SI.PM.RD,Slovenia,Radenci
SI.PM.RO,Slovenia,Rogašovci
SI.LJ.BO,Slovenia,Borovnica
SI.PS.BR,Slovenia,Brežice
"",Slovenia,Krsko
SI.LJ.BR,Slovenia,Brezovica
SI.SA.CE,Slovenia,Celje
SI.GO.CG,Slovenia,Cerklje na Gorenjskem
SI.NO.CE,Slovenia,Cerknica
SI.KO.CK,Slovenia,Crna na Koroškem
SI.DO.CR,Slovenia,Crnomelj
SI.LJ.DL,Slovenia,Dol pri Ljubljani
SI.KO.DR,Slovenia,Dravograd
SI.PD.DU,Slovenia,Duplek
SI.SA.GG,Slovenia,Gornji Grad
SI.LJ.GR,Slovenia,Grosuplje
SI.ZS.HR,Slovenia,Hrastnik
SI.ZS,Slovenia,Trbovlje
SI.LJ.IG,Slovenia,Ig
SI.NO.IB,Slovenia,Ilirska Bistrica
SI.LJ.IV,Slovenia,Ivancna Gorica
SI.PD.KI,Slovenia,Kidricevo
SI.SA.KO,Slovenia,Kozje
SI.PS,Slovenia,Spodnjeposavska
SI.PD.KU,Slovenia,Kungota
SI.SA.LA,Slovenia,Laško
SI.LJ.LI,Slovenia,Litija
SI.LJ,Slovenia,Osrednjeslovenska
SI.SA.LJ,Slovenia,Ljubno
SI.LJ.LO,Slovenia,Logatec
SI.LJ.LP,Slovenia,Loški Potok
SI.LJ.LU,Slovenia,Lukovica
SI.LJ.MD,Slovenia,Medvode
SI.LJ.MN,Slovenia,Mengeš
SI.DO.CR,Slovenia,Metlika
SI.KO.ME,Slovenia,Mežica
SI.KO.MI,Slovenia,Mislinja
SI.LJ.MO,Slovenia,Moravce
SI.SA.MO,Slovenia,Mozirje
SI.KO.MU,Slovenia,Muta
SI.SA.NA,Slovenia,Nazarje
SI.PD.PE,Slovenia,Pesnica
SI.NO,Slovenia,Notranjsko-kraška
SI.SP.PO,Slovenia,Postojna
SI.PD.RF,Slovenia,Race-Fram
SI.SA.RA,Slovenia,Radece
SI.KO.RD,Slovenia,Radlje ob Dravi
SI.SA.RS,Slovenia,Rogaška Slatina
SI.SA.RO,Slovenia,Rogatec
SI.DO.SM,Slovenia,Semic
SI.GO.SE,Slovenia,Šencur
SI.PD.SE,Slovenia,Šentilj
SI.DO.SN,Slovenia,Šentjernej
SI.PS.SE,Slovenia,Sevnica
SI.DO.SK,Slovenia,Škocjan
SI.LJ.SK,Slovenia,Škofljica
SI.KO,Slovenia,Koroška
SI.SA.SK,Slovenia,Slovenske Konjice
SI.SA.SJ,Slovenia,Šmarje pri Jelšah
SI.SA.SP,Slovenia,Šmartno ob Paki
SI.SA.SS,Slovenia,Šoštanj
SI.PD,Slovenia,Podravska
SI.SA.ST,Slovenia,Štore
SI.ZS.TR,Slovenia,Trbovlje
SI.DO.TR,Slovenia,Trebnje
SE.GV,Sweden,Gävleborg
SE.JO,Sweden,Jönköping
SE.KA,Sweden,Kalmar
SE.KO,Sweden,Dalarna
SE.KR,Sweden,Kronoberg
SE.OR,Sweden,Orebro
SE.OG,Sweden,Östergötland
SE.SD,Sweden,Södermanland
SE.VM,Sweden,Västmanland
SE.HA,Sweden,Halland
SE.VR,Sweden,Värmland
SE.JA,Sweden,Jämtland
SE.NB,Sweden,Norrbotten
SE.VN,Sweden,Västernorrland
SE.VB,Sweden,Västerbotten
SE.GT,Sweden,Gotland
SE.ST,Sweden,Stockholm
SE.UP,Sweden,Uppsala
SE.BL,Sweden,Blekinge
SE.VG,Sweden,Västra Götaland
SE.SN,Sweden,Skåne
SZ.HH,Swaziland,Hhohho
SZ.LU,Swaziland,Lubombo
SZ.MA,Swaziland,Manzini
SZ.SH,Swaziland,Shiselweni
"",Sint Maarten,SXM-00 (Sint Maarten aggregation)
"",Seychelles,SYC-00 (Seychelles aggregation)
"",Syria,SYR-00 (UNDOF aggregation)
SY.LA,Syria,Lattakia (Al Ladhiqiyah)
SY.TA,Syria,Tartus
SY.RA,Syria,Ar Raqqah
SY.HL,Syria,Aleppo (Halab)
SY.HM,Syria,Hamah
SY.HI,Syria,Homs (Hims)
SY.ID,Syria,Idlib
SY.HA,Syria,Hasaka (Al Haksa)
SY.DY,Syria,Dayr Az Zawr
SY.SU,Syria,As Suwayda'
SY.DI,Syria,Damascus
SY.QU,Syria,Quneitra
SY.DR,Syria,Dar`a
"",Turks and Caicos Islands,TCA-00 (Turks and Caicos Is. aggregation)
TD.BT,Chad,Bet
TD.HD,Chad,Hadjer-Lamis
TD.KA,Chad,Kanem
TD.LC,Chad,Lac
TD.BA,Chad,Batha
TD.BI,Chad,Wadi Fira
TD.GR,Chad,Guéra
TD.OD,Chad,Ouaddaï
TD.LO,Chad,Logone Occidental
TD.LR,Chad,Logone Oriental
TD.ME,Chad,Mayo-Kebbi Est
TD.TA,Chad,Tandjilé
TD.MA,Chad,Mandoul
TD.SA,Chad,Salamat
TG.PL,Togo,Plateaux
TG.MA,Togo,Maritime
TG.KA,Togo,Kara
TG.CE,Togo,Centre
TG.SA,Togo,Savanes
TH.MH,Thailand,Mae Hong Son
TH.CP,Thailand,Chumphon
TH.NT,Thailand,Nakhon Si Thammarat
TH.PU,Thailand,Phuket
TH.PG,Thailand,Phangnga
TH.RN,Thailand,Ranong
TH.ST,Thailand,Surat Thani
TH.KR,Thailand,Krabi
TH.PL,Thailand,Phatthalung
"",Thailand,Songkhla (Songkhla Lake)
TH.SA,Thailand,Satun
TH.SG,Thailand,Songkhla
TH.TG,Thailand,Trang
TH.YL,Thailand,Yala
TH.CR,Thailand,Chiang Rai
TH.CM,Thailand,Chiang Mai
TH.LG,Thailand,Lampang
TH.LN,Thailand,Lamphun
TH.NA,Thailand,Nan
TH.PY,Thailand,Phayao
TH.PR,Thailand,Phrae
TH.PS,Thailand,Phitsanulok
TH.SO,Thailand,Sukhothai
TH.UD,Thailand,Uttaradit
TH.KN,Thailand,Kanchanaburi
TH.KP,Thailand,Kamphaeng Phet
TH.PC,Thailand,Phichit
TH.PH,Thailand,Phetchabun
TH.SH,Thailand,Suphan Buri
TH.TK,Thailand,Tak
TH.UT,Thailand,Uthai Thani
TH.AT,Thailand,Ang Thong
TH.CN,Thailand,Chai Nat
TH.LB,Thailand,Lop Buri
TH.NN,Thailand,Nakhon Nayok
TH.PB,Thailand,Prachin Buri
TH.NS,Thailand,Nakhon Sawan
TH.PA,Thailand,Phra Nakhon Si Ayutthaya
TH.PT,Thailand,Pathum Thani
TH.SB,Thailand,Sing Buri
TH.SR,Thailand,Saraburi
TH.BM,Thailand,Bangkok Metropolis
TH.NO,Thailand,Nonthaburi
TH.NP,Thailand,Nakhon Pathom
TH.PE,Thailand,Phetchaburi
TH.PK,Thailand,Prachuap Khiri Khan
TH.RT,Thailand,Ratchaburi
TH.SP,Thailand,Samut Prakan
TH.SS,Thailand,Samut Sakhon
TH.SM,Thailand,Samut Songkhram
TH.SI,Thailand,Si Sa Ket
TH.UR,Thailand,Ubon Ratchathani
TH.AC,Thailand,Amnat Charoen
TH.YS,Thailand,Yasothon
TH.CB,Thailand,Chon Buri
TH.CC,Thailand,Chachoengsao
TH.CT,Thailand,Chanthaburi
TH.SK,Thailand,Sa Kaeo
TH.RY,Thailand,Rayong
TH.TT,Thailand,Trat
TH.BR,Thailand,Buri Ram
TH.CY,Thailand,Chaiyaphum
TH.KK,Thailand,Khon Kaen
TH.KL,Thailand,Kalasin
TH.MS,Thailand,Maha Sarakham
TH.NR,Thailand,Nakhon Ratchasima
TH.RE,Thailand,Roi Et
TH.SU,Thailand,Surin
TH.LE,Thailand,Loei
TH.NK,Thailand,Nong Khai
TH.SN,Thailand,Sakon Nakhon
TH.UN,Thailand,Udon Thani
TH.NB,Thailand,Nong Bua Lam Phu
TH.NF,Thailand,Nakhon Phanom
TH.MD,Thailand,Mukdahan
TH.NW,Thailand,Narathiwat
TH.PI,Thailand,Pattani
TJ.BK,Tajikistan,Gorno-Badakhshan
TJ.KL,Tajikistan,Khatlon
TJ.RR,Tajikistan,Tadzhikistan Territories
TJ.LE,Tajikistan,Leninabad
"",New Zealand,TKL-11 (Tokelau aggregation)
TM.BA,Turkmenistan,Balkan
TM.AL,Turkmenistan,Ahal
TM.DA,Turkmenistan,Tashauz
TM.LE,Turkmenistan,Chardzhou
TM.MA,Turkmenistan,Mary
TP.DL,East Timor,Dili
TP.LQ,East Timor,Liquica
TP.AM,East Timor,Ambeno
TP.AL,East Timor,Aileu
TP.AN,East Timor,Ainaro
TP.BC,East Timor,Baucau
TP.BB,East Timor,Bobonaro
TP.CL,East Timor,Cova Lima
TP.ER,East Timor,Ermera
TP.MT,East Timor,Manatuto
TP.MF,East Timor,Manufahi
TP.VQ,East Timor,Viqueque
TP.BT,East Timor,Lautem
"",Tonga,TON-00 (Tonga aggregation)
"",Trinidad and Tobago,Tobago
TT.DM,Trinidad and Tobago,Diego Martin
TT.SI,Trinidad and Tobago,Siparia
TT.TP,Trinidad and Tobago,Arima
TT.SN,Trinidad and Tobago,Sangre Grande
TT.MR,Trinidad and Tobago,Mayaro/Rio Claro
TT.SL,Trinidad and Tobago,San Juan/Laventille
TT.PT,Trinidad and Tobago,Princes Town
TT.CT,Trinidad and Tobago,Couva/Tabaquite/Talparo
TT.PD,Trinidad and Tobago,Penal/Debe
TT.PF,Trinidad and Tobago,Point Fortin
TT.TP,Trinidad and Tobago,Tunapuna/Piarco
TT.SF,Trinidad and Tobago,San Fernando
TT.CH,Trinidad and Tobago,Chaguanas
TT.PS,Trinidad and Tobago,Port of Spain
TN.TO,Tunisia,Tozeur
TN.MN,Tunisia,Manubah
TN.BJ,Tunisia,Béja
TN.BA,Tunisia,Ben Arous (Tunis Sud)
TN.BZ,Tunisia,Bizerte
TN.JE,Tunisia,Jendouba
TN.NB,Tunisia,Nabeul
TN.TU,Tunisia,Tunis
TN.KF,Tunisia,Le Kef
TN.KS,Tunisia,Kassérine
TN.GB,Tunisia,Gabès
TN.GF,Tunisia,Gafsa
TN.SZ,Tunisia,Sidi Bou Zid
TN.SF,Tunisia,Sfax
TN.SL,Tunisia,Siliana
TN.MH,Tunisia,Mahdia
TN.MS,Tunisia,Monastir
TN.KR,Tunisia,Kairouan
TN.SS,Tunisia,Sousse
TN.ZA,Tunisia,Zaghouan
TN.ME,Tunisia,Médenine
TN.KB,Tunisia,Kebili
TN.TA,Tunisia,Tataouine
TR.AY,Turkey,Aydin
TR.IZ,Turkey,Izmir
TR.BK,Turkey,Balikesir
TR.CK,Turkey,Çanakkale
TR.ED,Turkey,Edirne
TR.KL,Turkey,Kirklareli
TR.TG,Turkey,Tekirdag
TR.BC,Turkey,Bilecik
TR.BU,Turkey,Bursa
TR.IB,Turkey,Istanbul
TR.KC,Turkey,Kocaeli
TR.SK,Turkey,Sakarya
TR.BL,Turkey,Bolu
TR.ES,Turkey,Eskisehir
TR.KS,Turkey,Kastamonu
TR.AL,Turkey,Antalya
TR.AF,Turkey,Afyon
TR.BD,Turkey,Burdur
TR.DN,Turkey,Denizli
TR.IP,Turkey,Isparta
TR.KU,Turkey,Kütahya
TR.MN,Turkey,Manisa
TR.MG,Turkey,Mugla
TR.AD,Turkey,Adiyaman
TR.EG,Turkey,Elazig
TR.KM,Turkey,K. Maras
TR.ML,Turkey,Malatya
TR.IC,Turkey,Mersin
TR.KH,Turkey,Kirsehir
TR.KY,Turkey,Kayseri
TR.NV,Turkey,Nevsehir
TR.HT,Turkey,Hatay
TR.AM,Turkey,Amasya
TR.CM,Turkey,Çorum
TR.GI,Turkey,Giresun
TR.OR,Turkey,Ordu
TR.SP,Turkey,Sinop
TR.SV,Turkey,Sivas
TR.SS,Turkey,Samsun
TR.TT,Turkey,Tokat
TR.AV,Turkey,Artvin
TR.EM,Turkey,Erzurum
TR.EN,Turkey,Erzincan
TR.RI,Turkey,Rize
TR.TB,Turkey,Trabzon
TR.AG,Turkey,Agri
TR.BG,Turkey,Bingöl
TR.DY,Turkey,Diyarbakir
TR.MS,Turkey,Mus
TR.BT,Turkey,Bitlis
TR.AN,Turkey,Ankara
TR.CI,Turkey,Çankiri
TR.ZO,Turkey,Zinguldak
TR.KO,Turkey,Konya
TR.KR,Turkey,Karaman
TR.US,Turkey,Usak
TR.GA,Turkey,Gaziantep
TR.SU,Turkey,Sanliurfa
TR.AA,Turkey,Adana
TR.KK,Turkey,Kinkkale
TR.NG,Turkey,Nigde
TR.AK,Turkey,Aksaray
TR.YZ,Turkey,Yozgat
TR.GU,Turkey,Gümüshane
TR.BB,Turkey,Bayburt
TR.KA,Turkey,Kars
TR.MR,Turkey,Mardin
TR.BM,Turkey,Batman
TR.SI,Turkey,Siirt
TR.SR,Turkey,Sirnak
TR.TC,Turkey,Tunceli
TR.HK,Turkey,Hakkari
TR.VA,Turkey,Van
"",Tuvalu,TUV-00 (Tuvalu aggregation)
"",Taiwan,""
TW.KH.KC,Taiwan,Kaohsiung City
TW.TW.PT,Taiwan,Pingtung
TW.TW.TN,Taiwan,Tainan City
TW.TW.HS,Taiwan,Hsinchu City
TW.TW.HH,Taiwan,Hsinchu
TW.TW.IL,Taiwan,Yilan
TW.TW.CL,Taiwan,Keelung City
TW.TW.ML,Taiwan,Miaoli
TW.TP.TC,Taiwan,Taipei City
TW.TW.TP,Taiwan,New Taipei City
TW.TW.TY,Taiwan,Taoyuan
TW.TW.CG,Taiwan,Changhua
TW.TW.CH,Taiwan,Chiayi
TW.TW.CS,Taiwan,Chiayi City
TW.TW.HL,Taiwan,Hualien
TW.TW.NT,Taiwan,Nantou
TW.TW.TG,Taiwan,Taichung City
TW.TW.YL,Taiwan,Yunlin
TW.TW.TT,Taiwan,Taitung
TW.TW.PH,Taiwan,Penghu
TW.FK.KM,Taiwan,Kinmen
TZ.MB,United Republic of Tanzania,Mbeya
TZ.RK,United Republic of Tanzania,Rukwa
TZ.ZS,United Republic of Tanzania,Zanzibar South and Central
TZ.MW,United Republic of Tanzania,Mwanza
TZ.SH,United Republic of Tanzania,Shinyanga
TZ.TB,United Republic of Tanzania,Tabora
TZ.KR,United Republic of Tanzania,Kagera
TZ.KM,United Republic of Tanzania,Kigoma
TZ.DS,United Republic of Tanzania,Dar-Es-Salaam
TZ.MO,United Republic of Tanzania,Morogoro
TZ.PN,United Republic of Tanzania,Kaskazini-Pemba
TZ.PS,United Republic of Tanzania,Kusini-Pemba
TZ.PW,United Republic of Tanzania,Pwani
TZ.ZN,United Republic of Tanzania,Kaskazini-Unguja
TZ.ZW,United Republic of Tanzania,Zanzibar West
TZ.DO,United Republic of Tanzania,Dodoma
TZ.IR,United Republic of Tanzania,Iringa
TZ.LI,United Republic of Tanzania,Lindi
TZ.MT,United Republic of Tanzania,Mtwara
TZ.RV,United Republic of Tanzania,Ruvuma
TZ.SD,United Republic of Tanzania,Singida
TZ.AS,United Republic of Tanzania,Arusha
TZ.MY,United Republic of Tanzania,Manyara
TZ.KL,United Republic of Tanzania,Kilimanjaro
TZ.MA,United Republic of Tanzania,Mara
TZ.TN,United Republic of Tanzania,Tanga
UG.KN,Uganda,Kalangala
UG.JI,Uganda,Jinja
UG.KU,Uganda,Kumi
UG.KD,Uganda,Kaberamaido
UG.KY,Uganda,Kayunga
UG.IN,Uganda,Iganga
UG.KX,Uganda,Kamuli
UG.LI.KO,Uganda,Kyoga
UG.RO.BL,Uganda,Bulamogi
UG.BD.BD,Uganda,Budaka
UG.BK.BS,Uganda,Busiki
UG.SR,Uganda,Soroti
UG.MN,Uganda,Mukono
UG.PL,Uganda,Pallisa
UG.SE,Uganda,Sembabule
UG.MI,Uganda,Mpigi
UG.AD,Uganda,Adjumani
UG.AW.AU,Uganda,Arua Municipality
UG.OK.KB,Uganda,Koboko
UG.BL,Uganda,Bujenje
UG.GL,Uganda,Gulu
UG.NE,Uganda,Nebbi
UG.MY,Uganda,Moyo
UG.YU,Uganda,Yumbe
UG.MH,Uganda,Maracha
UG.KM,Uganda,Kampala
UG.KG,Uganda,Kiboga
UG.NA,Uganda,Nakasongola
UG.WA,Uganda,Wakiso
UG.LW.BM,Uganda,Bamunanika
UG.MD,Uganda,Mubende
UG.TY.BS,Uganda,Busujju
UG.NK,Uganda,Nakaseke
UG.TG,Uganda,Kitgum
UG.AC,Uganda,Apac
UG.GL.AW,Uganda,Aswa
UG.LA,Uganda,Lira
UG.DO.DK,Uganda,Dokolo
UG.PD,Uganda,Pader
UG.MC,Uganda,Masindi
UG.OY.OA,Uganda,Oyam
UG.BN,Uganda,Bundibugyo
UG.HO,Uganda,Hoima
UG.BR,Uganda,Kabarole
UG.KJ,Uganda,Kyenjojo
UG.KI,Uganda,Kibale
UG.KP,Uganda,Kapchorwa
UG.BW.KO,Uganda,Kongasis
UG.SI.BD,Uganda,Budadiri
UG.ME.BN,Uganda,Bungokho
UG.MF,Uganda,Manafwa
UG.BG,Uganda,Bugiri
UG.BU,Uganda,Busia
UG.BJ.BN,Uganda,Bunyole
UG.MG,Uganda,Mayuge
UG.TR,Uganda,Tororo
UG.KK.UU,Uganda,Usuk
UG.KF.JE,Uganda,Jie
UG.AM,Uganda,Amuria
UG.AB,Uganda,Kaabong
UG.AI.LB,Uganda,Labwor
UG.MT,Uganda,Moroto
UG.NP,Uganda,Nakapiripirit
UG.RA,Uganda,Rakai
UG.MA,Uganda,Masaka
UG.BS,Uganda,Bushenyi
UG.KS,Uganda,Kasese
UG.KE,Uganda,Kamwenge
UG.IB.IA,Uganda,Ibanda
UG.NG.BK,Uganda,Bukanga
UG.RR,Uganda,Mbarara
UG.NT,Uganda,Ntungamo
UG.RK,Uganda,Rukungiri
UG.RR.KS,Uganda,Kashari
UG.KA,Uganda,Kabale
UG.KR,Uganda,Kisoro
UG.UU,Uganda,Kanungu
UA.KR,Ukraine,Crimea
UA.MY,Ukraine,Mykolayiv
UA.CH,Ukraine,Chernihiv
UA.RV,Ukraine,Rivne
UA.CV,Ukraine,Chernivtsi
UA.IF,Ukraine,Ivano-Frankivs'k
UA.KM,Ukraine,Khmel'nyts'kyy
UA.LV,Ukraine,L'viv
UA.TP,Ukraine,Ternopil'
UA.ZK,Ukraine,Transcarpathia
UA.VO,Ukraine,Volyn
UA.CK,Ukraine,Cherkasy
UA.KH,Ukraine,Kirovohrad
UA.KV,Ukraine,Kiev
UA.MY,Ukraine,Odessa
UA.VI,Ukraine,Vinnytsya
UA.ZT,Ukraine,Zhytomyr
UA.SM,Ukraine,Sumy
UA.DP,Ukraine,Dnipropetrovs'k
UA.DT,Ukraine,Donets'k
UA.KK,Ukraine,Kharkiv
UA.LH,Ukraine,Luhans'k
UA.PL,Ukraine,Poltava
UA.ZP,Ukraine,Zaporizhzhya
"",United States Minor Outlying Islands,UMI-00 (Jarvis I. aggregation)
UY.SA,Uruguay,Salto
UY.SO,Uruguay,Soriano
UY.CL,Uruguay,Cerro Largo
UY.DU,Uruguay,Durazno
UY.RV,Uruguay,Rivera
UY.TA,Uruguay,Tacuarembó
UY.TT,Uruguay,Treinta y Tres
UY.CA,Uruguay,Canelones
UY.FD,Uruguay,Florida
UY.LA,Uruguay,Lavalleja
UY.MA,Uruguay,Maldonado
UY.MO,Uruguay,Montevideo
UY.RO,Uruguay,Rocha
UY.CO,Uruguay,Colonia
UY.SJ,Uruguay,San José
UY.AR,Uruguay,Artigas
UY.FS,Uruguay,Flores
UY.PA,Uruguay,Paysandú
UY.RN,Uruguay,Río Negro
US.MA,United States of America,Massachusetts
US.MN,United States of America,Minnesota
US.MT,United States of America,Montana
US.ND,United States of America,North Dakota
US.HI,United States of America,Hawaii
US.ID,United States of America,Idaho
US.WA,United States of America,Washington
US.AZ,United States of America,Arizona
US.CA,United States of America,California
US.CO,United States of America,Colorado
US.NV,United States of America,Nevada
US.NM,United States of America,New Mexico
US.OR,United States of America,Oregon
US.UT,United States of America,Utah
US.WY,United States of America,Wyoming
US.AR,United States of America,Arkansas
US.IA,United States of America,Iowa
US.KS,United States of America,Kansas
US.MO,United States of America,Missouri
US.NE,United States of America,Nebraska
US.OK,United States of America,Oklahoma
US.SD,United States of America,South Dakota
US.LA,United States of America,Louisiana
US.TX,United States of America,Texas
US.CT,United States of America,Connecticut
US.NH,United States of America,New Hampshire
US.RI,United States of America,Rhode Island
US.VT,United States of America,Vermont
US.AL,United States of America,Alabama
US.FL,United States of America,Florida
US.GA,United States of America,Georgia
US.MS,United States of America,Mississippi
US.SC,United States of America,South Carolina
US.IL,United States of America,Illinois
US.IN,United States of America,Indiana
US.KY,United States of America,Kentucky
US.NC,United States of America,North Carolina
US.OH,United States of America,Ohio
US.TN,United States of America,Tennessee
US.VA,United States of America,Virginia
US.WI,United States of America,Wisconsin
US.WV,United States of America,West Virginia
US.DE,United States of America,Delaware
US.DC,United States of America,District of Columbia
US.MD,United States of America,Maryland
US.NJ,United States of America,New Jersey
US.NY,United States of America,New York
US.PA,United States of America,Pennsylvania
US.ME,United States of America,Maine
US.MI,United States of America,Michigan
US.AK,United States of America,Alaska
"",US Naval Base Guantanamo Bay,USG-00 (Guantanamo Bay USNB aggregation)
UZ.BU,Uzbekistan,Bukhoro
UZ.KH,Uzbekistan,Khorezm
UZ.QR,Uzbekistan,Karakalpakstan
UZ.NW,Uzbekistan,Navoi
UZ.SA,Uzbekistan,Samarkand
UZ.QA,Uzbekistan,Kashkadarya
UZ.SU,Uzbekistan,Surkhandarya
UZ.AN,Uzbekistan,Andijon
UZ.FA,Uzbekistan,Ferghana
UZ.NG,Uzbekistan,Namangan
UZ.JI,Uzbekistan,Jizzakh
UZ.SI,Uzbekistan,Sirdaryo
UZ.TA,Uzbekistan,Tashkent
"",Vatican,VAT-00 (Vatican aggregation)
"",Saint Vincent and the Grenadines,VCT-00 (St. Vin. and Gren. aggregation)
"",Venezuela,VEN-99 (Venezuela minor island)
VE.FA,Venezuela,Falcón
VE.AP,Venezuela,Apure
VE.BA,Venezuela,Barinas
VE.ME,Venezuela,Mérida
VE.TA,Venezuela,Táchira
VE.TR,Venezuela,Trujillo
VE.TR,Venezuela,Trujillo
VE.ZU,Venezuela,Zulia
VE.CO,Venezuela,Cojedes
VE.CA,Venezuela,Carabobo
VE.LA,Venezuela,Lara
VE.PO,Venezuela,Portuguesa
VE.YA,Venezuela,Yaracuy
VE.AM,Venezuela,Amazonas
VE.BO,Venezuela,Bolívar
VE.AN,Venezuela,Anzoátegui
VE.AR,Venezuela,Aragua
"",Venezuela,Vargas
VE.DF,Venezuela,Distrito Capital
VE.DP,Venezuela,Dependencias Federales
VE.GU,Venezuela,Guárico
VE.MO,Venezuela,Monagas
VE.MI,Venezuela,Miranda
VE.NE,Venezuela,Nueva Esparta
VE.SU,Venezuela,Sucre
VE.DA,Venezuela,Delta Amacuro
"",British Virgin Islands,VGB-00 (British Virgin Is. aggregation)
"",United States Virgin Islands,VIR-00 (U.S. Virgin Is. aggregation)
VN.QN,Vietnam,Qu?ng Ninh
VN.TN,Vietnam,Tây Ninh
VN.DB,Vietnam,Ði?n Biên
"",Vietnam,Ðông B?c
VN.TY,Vietnam,Thái Nguyên
VN.LO,Vietnam,Lào Cai
VN.LS,Vietnam,L?ng Son
"",Vietnam,Son La
VN.TH,Vietnam,Thanh Hóa
VN.TQ,Vietnam,Tuyên Quang
VN.YB,Vietnam,Yên Bái
VN.HO,Vietnam,Hòa Bình
VN.HD,Vietnam,H?i Duong
"",Vietnam,H?i Phòng
"",Vietnam,Ð?ng B?ng Sông H?ng
VN.TY,Vietnam,Thái Nguyên
VN.BN,Vietnam,B?c Ninh
VN.VC,Vietnam,Vinh Phúc
VN.HA,Vietnam,Hà Tây
VN.NB,Vietnam,Ninh Bình
VN.HM,Vietnam,Hà Nam
VN.ND,Vietnam,Nam Ð?nh
VN.PT,Vietnam,Phú Th?
VN.BG,Vietnam,B?c Giang
VN.TB,Vietnam,Thái Bình
"",Vietnam,Ha Tinh
VN.NA,Vietnam,Ngh? An
VN.QB,Vietnam,Qu?ng Bình
"",Vietnam,Dak Lak
"",Vietnam,Gia Lai
VN.KH,Vietnam,Khánh Hòa
VN.LD,Vietnam,Lâm Ð?ng
VN.NT,Vietnam,Ninh Thu?n
VN.PY,Vietnam,Phú Yên
VN.BI,Vietnam,Bình Duong
VN.BP,Vietnam,Bình Phu?c
VN.BD,Vietnam,Bình Ð?nh
"",Vietnam,Kon Tum
"",Vietnam,Quàng Nam
VN.QG,Vietnam,Qu?ng Ngãi
VN.QT,Vietnam,Qu?ng Tr?
VN.TT,Vietnam,Th?a Thiên - Hu?
VN.DA,Vietnam,Ðà N?ng
VN.BV,Vietnam,Bà R?a - Vung Tàu
VN.BU,Vietnam,Bình Thu?n
"",Vietnam,Ðông Nam B?
VN.AG,Vietnam,An Giang
VN.DT,Vietnam,Ð?ng Tháp
VN.DT,Vietnam,Ð?ng Tháp
VN.HC,Vietnam,H? Chí Minh city
VN.KG,Vietnam,Kiên Giang
VN.LA,Vietnam,Long An
VN.BR,Vietnam,B?n Tre
"",Vietnam,d?ng b?ng sông C?u Long
VN.BL,Vietnam,B?c Liêu
VN.CM,Vietnam,Cà Mau
VN.ST,Vietnam,Sóc Trang
VN.TV,Vietnam,Trà Vinh
VN.VL,Vietnam,Vinh Long
VN.CB,Vietnam,Cao B?ng
VN.HG,Vietnam,Hà Giang
VU.TR,Vanuatu,Torba
VU.SN,Vanuatu,Sanma
VU.TF,Vanuatu,Tafea
VU.ML,Vanuatu,Malampa
VU.PM,Vanuatu,Penama
VU.SE,Vanuatu,Shefa
"",West Bank,WEB-00 (West Bank aggregation)
"",Wallis and Futuna,WLF-00 (Wallis and Futuna aggregation)
"",Akrotiri Sovereign Base Area,WSB-00 (Akrotiri aggregation)
"",Samoa,WSM-00 (Samoa aggregation)
YE.SD,Yemen,Sa`dah
YE.HU,Yemen,Al Hudaydah
YE.MW,Yemen,Al Mahwit
YE.DH,Yemen,Dhamar
YE.HJ,Yemen,Hajjah
YE.AM,Yemen,Amran
YE.IB,Yemen,Ibb
YE.LA,Yemen,Lahij
YE.TA,Yemen,Ta`izz
YE.MR,Yemen,Al Mahrah
YE.BA,Yemen,Al Bayda'
YE.DL,Yemen,Al Dali'
YE.JA,Yemen,Al Jawf
YE.SH,Yemen,Shabwah
YE.MA,Yemen,Ma'rib
YE.SN,Yemen,Sana'a
YE.HD,Yemen,Hadramawt
"",Yemen,Amanat Al Asimah
"",Yemen,Raymah
YE.AD,Yemen,`Adan
"",Yemen,Abyan
"",South Africa,ZAF-00 (Prince Edward Is. aggregation)
ZA.NC,South Africa,Northern Cape
ZA.WC,South Africa,Western Cape
ZA.NW,South Africa,North West
ZA.FS,South Africa,Orange Free State
ZA.GT,South Africa,Gauteng
ZA.MP,South Africa,Mpumalanga
ZA.NP,South Africa,Limpopo
ZA.NL,South Africa,KwaZulu-Natal
ZA.EC,South Africa,Eastern Cape
ZM.LP,Zambia,Luapula
ZM.NO,Zambia,Northern
ZM.CE,Zambia,Central
ZM.CO,Zambia,Copperbelt
ZM.EA,Zambia,Eastern
ZM.EA,Zambia,Eastern
ZM.LS,Zambia,Lusaka
ZM.NW,Zambia,North-Western
ZM.SO,Zambia,Southern
ZM.WE,Zambia,Western
ZW.MC,Zimbabwe,Mashonaland Central
ZW.HA,Zimbabwe,Harare
ZW.MN,Zimbabwe,Matabeleland North
ZW.MI,Zimbabwe,Midlands
ZW.ME,Zimbabwe,Mashonaland East
ZW.MA,Zimbabwe,Manicaland
ZW.MS,Zimbabwe,Matabeleland South
ZW.BU,Zimbabwe,Bulawayo
ZW.MV,Zimbabwe,Masvingo
ZW.MW,Zimbabwe,Mashonaland West
